fdate,doubleq,avgRET
31mar2000,1,.45012039
31mar2000,2,.41058627
31mar2000,3,.12882218
31mar2000,4,.12275855
31mar2000,5,.021674816
31mar2000,6,.37279195
31mar2000,7,.37809768
31mar2000,8,.088866167
31mar2000,9,.023661224
31mar2000,10,-.040464617
31mar2000,11,.39219171
31mar2000,12,.23293857
31mar2000,13,.040324755
31mar2000,14,.034112334
31mar2000,15,-.012984794
31mar2000,16,.34274948
31mar2000,17,.11214357
31mar2000,18,.037008293
31mar2000,19,-.0076859929
31mar2000,20,-.05427064
31mar2000,21,.057830464
31mar2000,22,.027472874
31mar2000,23,.031716075
31mar2000,24,-.075804755
31mar2000,25,-.059657242
30jun2000,1,-.20728686
30jun2000,2,-.11301826
30jun2000,3,-.074859895
30jun2000,4,-.086975403
30jun2000,5,-.14901876
30jun2000,6,-.21607
30jun2000,7,-.068447448
30jun2000,8,.032571483
30jun2000,9,-.051069357
30jun2000,10,-.10093495
30jun2000,11,-.061847657
30jun2000,12,.019660391
30jun2000,13,-.039307106
30jun2000,14,.0057084435
30jun2000,15,-.11874486
30jun2000,16,.17191851
30jun2000,17,.036944799
30jun2000,18,.014161372
30jun2000,19,.0041568843
30jun2000,20,-.01948758
30jun2000,21,.038441703
30jun2000,22,-.030706013
30jun2000,23,.012308885
30jun2000,24,.0009686253
30jun2000,25,.0010222929
30sep2000,1,-.044806845
30sep2000,2,.041623686
30sep2000,3,.010461026
30sep2000,4,.002980039
30sep2000,5,-.061730608
30sep2000,6,-.0098974556
30sep2000,7,.1120467
30sep2000,8,.019942181
30sep2000,9,.039923482
30sep2000,10,-.026974626
30sep2000,11,.1615781
30sep2000,12,.057528924
30sep2000,13,.011298915
30sep2000,14,.011143218
30sep2000,15,-.087866381
30sep2000,16,.17364149
30sep2000,17,.039057329
30sep2000,18,.047801994
30sep2000,19,.060583159
30sep2000,20,-.0072004911
30sep2000,21,-.0036347352
30sep2000,22,.067381762
30sep2000,23,.11054169
30sep2000,24,.043283332
30sep2000,25,-.043830696
31dec2000,1,-.3442632
31dec2000,2,-.31091383
31dec2000,3,-.12784845
31dec2000,4,-.133543
31dec2000,5,-.23197769
31dec2000,6,-.27467492
31dec2000,7,-.12894148
31dec2000,8,-.090698615
31dec2000,9,-.11561439
31dec2000,10,-.21765497
31dec2000,11,-.18231831
31dec2000,12,-.15353504
31dec2000,13,-.099191993
31dec2000,14,-.061360784
31dec2000,15,-.21538036
31dec2000,16,-.06054841
31dec2000,17,.0093182893
31dec2000,18,.013852104
31dec2000,19,-.0084491856
31dec2000,20,.03721742
31dec2000,21,-.012581773
31dec2000,22,.038648915
31dec2000,23,.016990555
31dec2000,24,.073332161
31dec2000,25,-.058838941
31mar2001,1,.088347733
31mar2001,2,.15546924
31mar2001,3,.068939291
31mar2001,4,.075019866
31mar2001,5,.063419893
31mar2001,6,.12902531
31mar2001,7,.12252633
31mar2001,8,.047879856
31mar2001,9,.078733779
31mar2001,10,.12829612
31mar2001,11,.089472443
31mar2001,12,-.0068729823
31mar2001,13,.019387621
31mar2001,14,.071887814
31mar2001,15,.050169673
31mar2001,16,-.071940117
31mar2001,17,-.031846061
31mar2001,18,-.011902025
31mar2001,19,.02852405
31mar2001,20,.086630911
31mar2001,21,-.073533453
31mar2001,22,-.07477852
31mar2001,23,-.035671946
31mar2001,24,-.056998201
31mar2001,25,-.016198043
30jun2001,1,.22885606
30jun2001,2,.37943053
30jun2001,3,.171499
30jun2001,4,.12568991
30jun2001,5,.10371261
30jun2001,6,.24139115
30jun2001,7,.2250542
30jun2001,8,.10467042
30jun2001,9,.10734875
30jun2001,10,.11692534
30jun2001,11,.53589767
30jun2001,12,.28325438
30jun2001,13,.23565938
30jun2001,14,.20754729
30jun2001,15,.11065276
30jun2001,16,.41500923
30jun2001,17,.26360121
30jun2001,18,.16601481
30jun2001,19,.10884096
30jun2001,20,.058505546
30jun2001,21,.0858564
30jun2001,22,.052625511
30jun2001,23,.037075695
30jun2001,24,.060154308
30jun2001,25,.030297298
30sep2001,1,-.18142539
30sep2001,2,-.058856513
30sep2001,3,-.048409257
30sep2001,4,-.07540255
30sep2001,5,-.12539828
30sep2001,6,-.21748683
30sep2001,7,-.033117939
30sep2001,8,-.09282086
30sep2001,9,-.09731809
30sep2001,10,-.13928594
30sep2001,11,-.14730884
30sep2001,12,-.19581194
30sep2001,13,-.14492889
30sep2001,14,-.13607423
30sep2001,15,-.21550995
30sep2001,16,-.22552016
30sep2001,17,-.1980512
30sep2001,18,-.15821059
30sep2001,19,-.10875141
30sep2001,20,-.18362828
30sep2001,21,-.12551886
30sep2001,22,-.15299685
30sep2001,23,-.14357963
30sep2001,24,-.11394212
30sep2001,25,-.18374377
31dec2001,1,.26664835
31dec2001,2,.23613651
31dec2001,3,.25803116
31dec2001,4,.18620126
31dec2001,5,.086150542
31dec2001,6,.46725649
31dec2001,7,.48926002
31dec2001,8,.24091496
31dec2001,9,.19169083
31dec2001,10,.17543888
31dec2001,11,.54452306
31dec2001,12,.38686359
31dec2001,13,.21406287
31dec2001,14,.16791521
31dec2001,15,.18499805
31dec2001,16,.54337704
31dec2001,17,.34018344
31dec2001,18,.25487626
31dec2001,19,.14511007
31dec2001,20,.16284534
31dec2001,21,.15668496
31dec2001,22,.14344272
31dec2001,23,.068977632
31dec2001,24,.10510124
31dec2001,25,.12960057
31mar2002,1,.10085631
31mar2002,2,.14356554
31mar2002,3,.11096668
31mar2002,4,.053775951
31mar2002,5,.090345107
31mar2002,6,.13783015
31mar2002,7,.12152316
31mar2002,8,.085014082
31mar2002,9,.061567355
31mar2002,10,.056623772
31mar2002,11,.098375864
31mar2002,12,.066215359
31mar2002,13,.090719186
31mar2002,14,.058316678
31mar2002,15,.097437635
31mar2002,16,.086571217
31mar2002,17,.088964246
31mar2002,18,.10361236
31mar2002,19,.065415375
31mar2002,20,.086602099
31mar2002,21,.049603343
31mar2002,22,.078358009
31mar2002,23,.046909258
31mar2002,24,.036133248
31mar2002,25,.031961802
30jun2002,1,.006224087
30jun2002,2,-.06950736
30jun2002,3,-.0044337125
30jun2002,4,-.00092836627
30jun2002,5,-.027111735
30jun2002,6,-.062685348
30jun2002,7,.014124281
30jun2002,8,.022703001
30jun2002,9,-.027488677
30jun2002,10,-.044382341
30jun2002,11,-.043619554
30jun2002,12,.021494007
30jun2002,13,-.0006849278
30jun2002,14,-.012215089
30jun2002,15,-.054081492
30jun2002,16,-.05787896
30jun2002,17,-.059958115
30jun2002,18,-.021921853
30jun2002,19,-.062238526
30jun2002,20,-.098575003
30jun2002,21,-.053721905
30jun2002,22,-.08373145
30jun2002,23,-.06416899
30jun2002,24,-.046287727
30jun2002,25,-.036170527
30sep2002,1,-.12530839
30sep2002,2,-.1119285
30sep2002,3,-.087533638
30sep2002,4,-.14344889
30sep2002,5,-.20087597
30sep2002,6,-.1078668
30sep2002,7,-.11181635
30sep2002,8,-.13085279
30sep2002,9,-.18468469
30sep2002,10,-.27531832
30sep2002,11,-.11169857
30sep2002,12,-.17338717
30sep2002,13,-.22158007
30sep2002,14,-.23967791
30sep2002,15,-.29551822
30sep2002,16,-.046905756
30sep2002,17,-.12306423
30sep2002,18,-.16487157
30sep2002,19,-.22794624
30sep2002,20,-.26257911
30sep2002,21,-.11890658
30sep2002,22,-.1800172
30sep2002,23,-.2158404
30sep2002,24,-.2224991
30sep2002,25,-.22063681
31dec2002,1,.17733189
31dec2002,2,.13362049
31dec2002,3,.13677761
31dec2002,4,.14258057
31dec2002,5,.061085224
31dec2002,6,.29917482
31dec2002,7,.14107303
31dec2002,8,.13545644
31dec2002,9,.14184619
31dec2002,10,.094142824
31dec2002,11,.31743804
31dec2002,12,.10557872
31dec2002,13,.11766404
31dec2002,14,.098833725
31dec2002,15,-.015131838
31dec2002,16,.16403209
31dec2002,17,.11923689
31dec2002,18,.092442878
31dec2002,19,.077906914
31dec2002,20,.069491863
31dec2002,21,.092204876
31dec2002,22,.086822331
31dec2002,23,.15108104
31dec2002,24,.1283793
31dec2002,25,.051866502
31mar2003,1,.13983056
31mar2003,2,.12221713
31mar2003,3,.051094748
31mar2003,4,.018015632
31mar2003,5,-.045376789
31mar2003,6,.030455844
31mar2003,7,.029978026
31mar2003,8,.019106835
31mar2003,9,.020131594
31mar2003,10,-.082513161
31mar2003,11,.09081056
31mar2003,12,-.0094063357
31mar2003,13,-.038136281
31mar2003,14,-.078009397
31mar2003,15,-.098258503
31mar2003,16,.049600359
31mar2003,17,-.0042836075
31mar2003,18,-.054978397
31mar2003,19,-.035903156
31mar2003,20,-.10606302
31mar2003,21,.00095767766
31mar2003,22,-.031742752
31mar2003,23,-.030727196
31mar2003,24,-.068400733
31mar2003,25,-.0075581013
30jun2003,1,.3220343
30jun2003,2,.29980296
30jun2003,3,.29436183
30jun2003,4,.26010856
30jun2003,5,.24722351
30jun2003,6,.69596958
30jun2003,7,.34398124
30jun2003,8,.2442603
30jun2003,9,.18643376
30jun2003,10,.26393691
30jun2003,11,.60488367
30jun2003,12,.37988532
30jun2003,13,.23629522
30jun2003,14,.26353192
30jun2003,15,.27626485
30jun2003,16,.38711035
30jun2003,17,.24992576
30jun2003,18,.22703345
30jun2003,19,.20219518
30jun2003,20,.26658276
30jun2003,21,.22084783
30jun2003,22,.20279101
30jun2003,23,.1797533
30jun2003,24,.26463857
30jun2003,25,.1787909
30sep2003,1,.3079367
30sep2003,2,.18114576
30sep2003,3,.21314846
30sep2003,4,.12313958
30sep2003,5,.13376951
30sep2003,6,.30693853
30sep2003,7,.26774192
30sep2003,8,.12832189
30sep2003,9,.12402572
30sep2003,10,.13977885
30sep2003,11,.26385635
30sep2003,12,.18595757
30sep2003,13,.13034816
30sep2003,14,.061995219
30sep2003,15,.10228589
30sep2003,16,.20871781
30sep2003,17,.13874017
30sep2003,18,.095766686
30sep2003,19,.063406654
30sep2003,20,.083934933
30sep2003,21,.11775166
30sep2003,22,.045659311
30sep2003,23,.041239817
30sep2003,24,.040002961
30sep2003,25,.037664674
31dec2003,1,.20936443
31dec2003,2,.17769596
31dec2003,3,.17290512
31dec2003,4,.14673389
31dec2003,5,.12707657
31dec2003,6,.30975407
31dec2003,7,.26731661
31dec2003,8,.16406555
31dec2003,9,.13381854
31dec2003,10,.15959175
31dec2003,11,.28163254
31dec2003,12,.22656099
31dec2003,13,.1407956
31dec2003,14,.13897702
31dec2003,15,.16390142
31dec2003,16,.18627343
31dec2003,17,.16732191
31dec2003,18,.15568884
31dec2003,19,.1401176
31dec2003,20,.16867822
31dec2003,21,.21876331
31dec2003,22,.15830891
31dec2003,23,.162357
31dec2003,24,.17827851
31dec2003,25,.16561711
31mar2004,1,.28843597
31mar2004,2,.1882436
31mar2004,3,.10190237
31mar2004,4,.078114383
31mar2004,5,.060014166
31mar2004,6,.15974125
31mar2004,7,.068204805
31mar2004,8,.067553639
31mar2004,9,.031429704
31mar2004,10,.043126792
31mar2004,11,.1330644
31mar2004,12,.11332227
31mar2004,13,.059755858
31mar2004,14,.070539318
31mar2004,15,.033897936
31mar2004,16,.12778349
31mar2004,17,.088766985
31mar2004,18,.094179131
31mar2004,19,.065003864
31mar2004,20,.020196915
31mar2004,21,.046611182
31mar2004,22,.018235408
31mar2004,23,.057096604
31mar2004,24,.054480702
31mar2004,25,.021301681
30jun2004,1,-.03543891
30jun2004,2,-.021845952
30jun2004,3,-.009430225
30jun2004,4,.0077656852
30jun2004,5,-.028074065
30jun2004,6,-.0024648739
30jun2004,7,-.014642471
30jun2004,8,-.011712975
30jun2004,9,-.039211653
30jun2004,10,-.062955149
30jun2004,11,.015198345
30jun2004,12,-.013520569
30jun2004,13,.001680642
30jun2004,14,.017226893
30jun2004,15,-.019632196
30jun2004,16,.069817171
30jun2004,17,.033316713
30jun2004,18,.0073459614
30jun2004,19,.017134255
30jun2004,20,-.0092753367
30jun2004,21,.04049933
30jun2004,22,.02886582
30jun2004,23,.013897479
30jun2004,24,-.0094396817
30jun2004,25,.029806938
30sep2004,1,-.072240382
30sep2004,2,-.066013329
30sep2004,3,-.020822022
30sep2004,4,.011128407
30sep2004,5,-.044553921
30sep2004,6,-.020349564
30sep2004,7,-.062096369
30sep2004,8,-.029296601
30sep2004,9,-.061408103
30sep2004,10,-.045593679
30sep2004,11,.031445701
30sep2004,12,.0074570612
30sep2004,13,-.017171137
30sep2004,14,-.05944436
30sep2004,15,-.044893693
30sep2004,16,.014808849
30sep2004,17,.006924998
30sep2004,18,.0083544189
30sep2004,19,-.0064560496
30sep2004,20,-.0099317022
30sep2004,21,-.021734977
30sep2004,22,-.018417569
30sep2004,23,.040294752
30sep2004,24,.031892203
30sep2004,25,.025241919
31dec2004,1,.31757045
31dec2004,2,.30195901
31dec2004,3,.20701864
31dec2004,4,.11984628
31dec2004,5,.07632865
31dec2004,6,.3977626
31dec2004,7,.17844866
31dec2004,8,.17077067
31dec2004,9,.11861349
31dec2004,10,.12512581
31dec2004,11,.2532697
31dec2004,12,.19254982
31dec2004,13,.16371407
31dec2004,14,.1136781
31dec2004,15,.11753525
31dec2004,16,.21294685
31dec2004,17,.16222702
31dec2004,18,.123996
31dec2004,19,.14629506
31dec2004,20,.12287482
31dec2004,21,.11205457
31dec2004,22,.11205129
31dec2004,23,.12180698
31dec2004,24,.10365277
31dec2004,25,.10315912
31mar2005,1,-.011393114
31mar2005,2,-.033736866
31mar2005,3,-.02784322
31mar2005,4,-.044799224
31mar2005,5,-.065888777
31mar2005,6,-.061968993
31mar2005,7,-.040095933
31mar2005,8,-.079813331
31mar2005,9,-.086057596
31mar2005,10,-.080312222
31mar2005,11,-.05028018
31mar2005,12,-.0097551076
31mar2005,13,-.041791696
31mar2005,14,-.06378676
31mar2005,15,-.062283866
31mar2005,16,-.00048904784
31mar2005,17,-.021557542
31mar2005,18,-.016926602
31mar2005,19,-.015991455
31mar2005,20,-.033898916
31mar2005,21,-.015773704
31mar2005,22,.023214158
31mar2005,23,.0080405241
31mar2005,24,.016983358
31mar2005,25,-.0034146213
30jun2005,1,-.035631206
30jun2005,2,.0581179
30jun2005,3,.015503687
30jun2005,4,-.010424051
30jun2005,5,-.05003155
30jun2005,6,.10298199
30jun2005,7,.087421425
30jun2005,8,.019738512
30jun2005,9,.0089626526
30jun2005,10,-.0044505117
30jun2005,11,.12620975
30jun2005,12,.093322203
30jun2005,13,.036058169
30jun2005,14,.028156035
30jun2005,15,.021728873
30jun2005,16,.14115645
30jun2005,17,.071575001
30jun2005,18,.048172057
30jun2005,19,.042275798
30jun2005,20,.038772803
30jun2005,21,.034297567
30jun2005,22,.023547741
30jun2005,23,.041824736
30jun2005,24,.040849447
30jun2005,25,.040338773
30sep2005,1,.08109609
30sep2005,2,.090206474
30sep2005,3,.059420783
30sep2005,4,.040090889
30sep2005,5,.014192406
30sep2005,6,.18500794
30sep2005,7,.15721253
30sep2005,8,.063167401
30sep2005,9,.033441089
30sep2005,10,.0012637184
30sep2005,11,.14039293
30sep2005,12,.12159616
30sep2005,13,.064753681
30sep2005,14,.023896176
30sep2005,15,-.025947627
30sep2005,16,.1653827
30sep2005,17,.086974874
30sep2005,18,.084224336
30sep2005,19,.039058875
30sep2005,20,.010887185
30sep2005,21,.19926354
30sep2005,22,.085200161
30sep2005,23,.063822627
30sep2005,24,.07359872
30sep2005,25,.054642312
31dec2005,1,.015694978
31dec2005,2,.040594768
31dec2005,3,.033216067
31dec2005,4,.00064232864
31dec2005,5,-.055535287
31dec2005,6,.11082517
31dec2005,7,.051795058
31dec2005,8,.016197527
31dec2005,9,.0059616934
31dec2005,10,-.011149977
31dec2005,11,.089035146
31dec2005,12,.056439046
31dec2005,13,.014350726
31dec2005,14,.037151892
31dec2005,15,-.012640589
31dec2005,16,.085728914
31dec2005,17,.037430983
31dec2005,18,.043310318
31dec2005,19,-.004789358
31dec2005,20,-.01463385
31dec2005,21,.007373089
31dec2005,22,.031552352
31dec2005,23,.04942194
31dec2005,24,.039810214
31dec2005,25,.0065562786
31mar2006,1,.18449846
31mar2006,2,.18490601
31mar2006,3,.16337506
31mar2006,4,.064692959
31mar2006,5,.069357961
31mar2006,6,.22780004
31mar2006,7,.19415636
31mar2006,8,.1176044
31mar2006,9,.11698374
31mar2006,10,.066566356
31mar2006,11,.1805833
31mar2006,12,.19376698
31mar2006,13,.14168321
31mar2006,14,.13276845
31mar2006,15,.075505055
31mar2006,16,.15950684
31mar2006,17,.18886973
31mar2006,18,.12880388
31mar2006,19,.1195222
31mar2006,20,.049016491
31mar2006,21,.1041598
31mar2006,22,.057911329
31mar2006,23,.09605971
31mar2006,24,.054892082
31mar2006,25,.072688654
30jun2006,1,-.084955864
30jun2006,2,-.021512585
30jun2006,3,-.037270527
30jun2006,4,-.02542283
30jun2006,5,-.065482847
30jun2006,6,-.086713187
30jun2006,7,-.06535767
30jun2006,8,-.035416663
30jun2006,9,-.045951739
30jun2006,10,-.06224959
30jun2006,11,-.044742815
30jun2006,12,-.035215538
30jun2006,13,-.037338618
30jun2006,14,-.03950531
30jun2006,15,-.048177529
30jun2006,16,-.0054479004
30jun2006,17,-.028999684
30jun2006,18,-.053929236
30jun2006,19,-.017945765
30jun2006,20,-.010337353
30jun2006,21,.0033937732
30jun2006,22,-.017300088
30jun2006,23,.010205471
30jun2006,24,-.000836475
30jun2006,25,.010748629
30sep2006,1,-.030038111
30sep2006,2,-.026782691
30sep2006,3,.0020120214
30sep2006,4,-.024370335
30sep2006,5,-.034069691
30sep2006,6,.012191717
30sep2006,7,-.012891918
30sep2006,8,.0087844767
30sep2006,9,-.00891783
30sep2006,10,-.038391821
30sep2006,11,.073610581
30sep2006,12,.035283398
30sep2006,13,.0059282882
30sep2006,14,.014221224
30sep2006,15,-.017828891
30sep2006,16,.018447354
30sep2006,17,.003758962
30sep2006,18,.025541892
30sep2006,19,.01084206
30sep2006,20,.001052736
30sep2006,21,.087810971
30sep2006,22,.054080013
30sep2006,23,.058331676
30sep2006,24,.048618779
30sep2006,25,.049135856
31dec2006,1,.18597855
31dec2006,2,.088423841
31dec2006,3,.062699951
31dec2006,4,.035956338
31dec2006,5,.033409424
31dec2006,6,.18468064
31dec2006,7,.17228156
31dec2006,8,.080160819
31dec2006,9,.068110451
31dec2006,10,.058101747
31dec2006,11,.22299273
31dec2006,12,.13656783
31dec2006,13,.10675866
31dec2006,14,.0834051
31dec2006,15,.091434412
31dec2006,16,.14941986
31dec2006,17,.10751814
31dec2006,18,.090404317
31dec2006,19,.070896797
31dec2006,20,.07571765
31dec2006,21,.18241034
31dec2006,22,.089234099
31dec2006,23,.092025734
31dec2006,24,.072819166
31dec2006,25,.10068269
31mar2007,1,.047196768
31mar2007,2,.042462062
31mar2007,3,.05654379
31mar2007,4,.026633274
31mar2007,5,-.013422113
31mar2007,6,.090094879
31mar2007,7,.05981141
31mar2007,8,.034572497
31mar2007,9,.0048460765
31mar2007,10,.0095382044
31mar2007,11,.068122879
31mar2007,12,.02731167
31mar2007,13,.019459885
31mar2007,14,.0085931467
31mar2007,15,.010156199
31mar2007,16,.092827536
31mar2007,17,.062549517
31mar2007,18,.046510793
31mar2007,19,.02990515
31mar2007,20,-.013537936
31mar2007,21,-.0040568793
31mar2007,22,.019032832
31mar2007,23,.045774952
31mar2007,24,.0024548895
31mar2007,25,-.0037565012
30jun2007,1,.047477148
30jun2007,2,.06925831
30jun2007,3,.013416689
30jun2007,4,-.0065867151
30jun2007,5,-.016227501
30jun2007,6,.11375805
30jun2007,7,.11938371
30jun2007,8,.0070997407
30jun2007,9,-.01127008
30jun2007,10,-.011074143
30jun2007,11,.1089718
30jun2007,12,.12105206
30jun2007,13,.066535935
30jun2007,14,.035135612
30jun2007,15,-.0028177102
30jun2007,16,.12463384
30jun2007,17,.075139321
30jun2007,18,.064473607
30jun2007,19,.060508262
30jun2007,20,-.0016454308
30jun2007,21,.17403983
30jun2007,22,.080234773
30jun2007,23,.085561201
30jun2007,24,.062001284
30jun2007,25,.019344956
30sep2007,1,-.023174094
30sep2007,2,-.030182157
30sep2007,3,-.061384704
30sep2007,4,-.048379131
30sep2007,5,-.12027542
30sep2007,6,-.001325976
30sep2007,7,.013695873
30sep2007,8,-.05860072
30sep2007,9,-.085507616
30sep2007,10,-.14768027
30sep2007,11,.074279763
30sep2007,12,.025881292
30sep2007,13,-.026758427
30sep2007,14,-.057614319
30sep2007,15,-.11643792
30sep2007,16,.11666555
30sep2007,17,.018430982
30sep2007,18,-.0064019714
30sep2007,19,-.06245574
30sep2007,20,-.12196492
30sep2007,21,.16753685
30sep2007,22,.042726312
30sep2007,23,.028810009
30sep2007,24,-.0054513989
30sep2007,25,-.030982053
31dec2007,1,-.098937951
31dec2007,2,-.048040658
31dec2007,3,-.11013581
31dec2007,4,-.11763641
31dec2007,5,-.16990414
31dec2007,6,.0068827644
31dec2007,7,.014807667
31dec2007,8,-.092071474
31dec2007,9,-.097681575
31dec2007,10,-.17651767
31dec2007,11,.12704456
31dec2007,12,-.0074998834
31dec2007,13,-.054175403
31dec2007,14,-.093613781
31dec2007,15,-.11576197
31dec2007,16,.051218893
31dec2007,17,.0020526575
31dec2007,18,-.057295814
31dec2007,19,-.080303639
31dec2007,20,-.12855062
31dec2007,21,.0046627121
31dec2007,22,.034660831
31dec2007,23,.0013822612
31dec2007,24,-.035586976
31dec2007,25,-.1329262
31mar2008,1,-.10635755
31mar2008,2,-.062026069
31mar2008,3,-.096857391
31mar2008,4,-.10375114
31mar2008,5,-.1079405
31mar2008,6,-.10549448
31mar2008,7,-.094180681
31mar2008,8,-.10102069
31mar2008,9,-.10589857
31mar2008,10,-.1314159
31mar2008,11,-.10162802
31mar2008,12,-.067903377
31mar2008,13,-.038328547
31mar2008,14,-.09511181
31mar2008,15,-.13330525
31mar2008,16,-.069013648
31mar2008,17,-.04713013
31mar2008,18,-.063344985
31mar2008,19,-.066241257
31mar2008,20,-.14543489
31mar2008,21,-.056493346
31mar2008,22,-.070168301
31mar2008,23,-.070962168
31mar2008,24,-.093744069
31mar2008,25,-.11232539
30jun2008,1,-.033593353
30jun2008,2,.14186159
30jun2008,3,.012532008
30jun2008,4,-.062819779
30jun2008,5,-.11280601
30jun2008,6,-.018189153
30jun2008,7,.010486248
30jun2008,8,-.036015764
30jun2008,9,-.041923415
30jun2008,10,-.082773209
30jun2008,11,.069752745
30jun2008,12,-.0089974776
30jun2008,13,-.0083280457
30jun2008,14,-.0080595547
30jun2008,15,-.053763118
30jun2008,16,.038403064
30jun2008,17,.042705905
30jun2008,18,-.0020133725
30jun2008,19,-.0059148725
30jun2008,20,.021831049
30jun2008,21,-.021351697
30jun2008,22,.023241421
30jun2008,23,.0049601747
30jun2008,24,.004732193
30jun2008,25,-.15327962
30sep2008,1,-.14127699
30sep2008,2,-.09612681
30sep2008,3,-.10514405
30sep2008,4,-.10142245
30sep2008,5,-.14049926
30sep2008,6,-.019506598
30sep2008,7,.01970933
30sep2008,8,.045647934
30sep2008,9,-.0073681697
30sep2008,10,-.076059438
30sep2008,11,.070064425
30sep2008,12,.077891372
30sep2008,13,.033266574
30sep2008,14,.0014616172
30sep2008,15,-.071715921
30sep2008,16,.022825751
30sep2008,17,.0072416002
30sep2008,18,-.004027992
30sep2008,19,-.031639576
30sep2008,20,-.15782993
30sep2008,21,-.12274817
30sep2008,22,-.10315365
30sep2008,23,-.076277129
30sep2008,24,-.067314491
30sep2008,25,.020783529
31dec2008,1,-.21406583
31dec2008,2,-.24972332
31dec2008,3,-.23163913
31dec2008,4,-.2730639
31dec2008,5,-.44880658
31dec2008,6,-.29128981
31dec2008,7,-.17563756
31dec2008,8,-.24060689
31dec2008,9,-.31707069
31dec2008,10,-.46651939
31dec2008,11,-.18685538
31dec2008,12,-.14413396
31dec2008,13,-.21058117
31dec2008,14,-.33023319
31dec2008,15,-.47545138
31dec2008,16,-.14704892
31dec2008,17,-.18640739
31dec2008,18,-.21935201
31dec2008,19,-.29363331
31dec2008,20,-.37281439
31dec2008,21,-.16613348
31dec2008,22,-.1716122
31dec2008,23,-.16506222
31dec2008,24,-.30008829
31dec2008,25,-.31889534
31mar2009,1,.14677103
31mar2009,2,.037427891
31mar2009,3,-.04843659
31mar2009,4,-.047457863
31mar2009,5,-.094047308
31mar2009,6,.090475872
31mar2009,7,.0013005144
31mar2009,8,-.1079957
31mar2009,9,-.13389923
31mar2009,10,-.20337462
31mar2009,11,-.0068368111
31mar2009,12,-.045232337
31mar2009,13,-.11997178
31mar2009,14,-.15798163
31mar2009,15,-.15089546
31mar2009,16,.040065065
31mar2009,17,-.044322383
31mar2009,18,-.089892007
31mar2009,19,-.15773481
31mar2009,20,-.22137976
31mar2009,21,-.0046822662
31mar2009,22,-.084701933
31mar2009,23,-.11505821
31mar2009,24,-.13122472
31mar2009,25,-.28075117
30jun2009,1,.38800225
30jun2009,2,.61527294
30jun2009,3,.3281346
30jun2009,4,.31508216
30jun2009,5,.30970159
30jun2009,6,.85052776
30jun2009,7,.51310277
30jun2009,8,.42441261
30jun2009,9,.30533913
30jun2009,10,.37544319
30jun2009,11,.42762056
30jun2009,12,.35593244
30jun2009,13,.41349685
30jun2009,14,.39258295
30jun2009,15,.38035452
30jun2009,16,.34978172
30jun2009,17,.30802795
30jun2009,18,.28004777
30jun2009,19,.31009504
30jun2009,20,.32117468
30jun2009,21,.32230586
30jun2009,22,.2419233
30jun2009,23,.26884738
30jun2009,24,.25009555
30jun2009,25,.48131976
30sep2009,1,.49469039
30sep2009,2,.3852126
30sep2009,3,.25849894
30sep2009,4,.20818125
30sep2009,5,.17221053
30sep2009,6,.30205035
30sep2009,7,.29250094
30sep2009,8,.13548532
30sep2009,9,.24392179
30sep2009,10,.26393241
30sep2009,11,.26691857
30sep2009,12,.23995245
30sep2009,13,.21975267
30sep2009,14,.22213724
30sep2009,15,.32248607
30sep2009,16,.2677862
30sep2009,17,.21560925
30sep2009,18,.24331771
30sep2009,19,.25625044
30sep2009,20,.29722983
30sep2009,21,.16605416
30sep2009,22,.17455728
30sep2009,23,.17920448
30sep2009,24,.16255094
30sep2009,25,.27323031
31dec2009,1,.036257349
31dec2009,2,.051871143
31dec2009,3,.020076351
31dec2009,4,.0024200359
31dec2009,5,-.053472243
31dec2009,6,.086834565
31dec2009,7,.13494369
31dec2009,8,.03720608
31dec2009,9,.0005334412
31dec2009,10,-.07987915
31dec2009,11,.10000426
31dec2009,12,.084240757
31dec2009,13,.068252556
31dec2009,14,.035891078
31dec2009,15,-.02970669
31dec2009,16,.11765518
31dec2009,17,.086101636
31dec2009,18,.075797133
31dec2009,19,.053830985
31dec2009,20,.002987796
31dec2009,21,.10492457
31dec2009,22,.022898374
31dec2009,23,.075975612
31dec2009,24,.030663764
31dec2009,25,-.038845412
31mar2010,1,.14738867
31mar2010,2,.14427966
31mar2010,3,.15344729
31mar2010,4,.070928775
31mar2010,5,.10473856
31mar2010,6,.1529239
31mar2010,7,.11957732
31mar2010,8,.063884348
31mar2010,9,.115493
31mar2010,10,.08297307
31mar2010,11,.15517366
31mar2010,12,.10883614
31mar2010,13,.095086634
31mar2010,14,.11988425
31mar2010,15,.11073131
31mar2010,16,.14858831
31mar2010,17,.084950686
31mar2010,18,.10367497
31mar2010,19,.1037752
31mar2010,20,.13771567
31mar2010,21,.043478005
31mar2010,22,.054261871
31mar2010,23,.048438959
31mar2010,24,.026645081
31mar2010,25,.066785447
30jun2010,1,-.049404405
30jun2010,2,-.025747154
30jun2010,3,-.037241053
30jun2010,4,-.053215373
30jun2010,5,-.0585742
30jun2010,6,-.022295419
30jun2010,7,-.057115924
30jun2010,8,-.084648959
30jun2010,9,-.097561665
30jun2010,10,-.11254001
30jun2010,11,-.0052795671
30jun2010,12,-.071468338
30jun2010,13,-.1124495
30jun2010,14,-.10602231
30jun2010,15,-.14659737
30jun2010,16,-.061774701
30jun2010,17,-.078865491
30jun2010,18,-.098477438
30jun2010,19,-.11012194
30jun2010,20,-.093565829
30jun2010,21,-.076684788
30jun2010,22,-.090750888
30jun2010,23,-.12614584
30jun2010,24,-.15292445
30jun2010,25,-.13509294
30sep2010,1,.12248436
30sep2010,2,.083428651
30sep2010,3,.054368731
30sep2010,4,.035261799
30sep2010,5,-.018648552
30sep2010,6,.14832425
30sep2010,7,.091984801
30sep2010,8,.064965382
30sep2010,9,.047436364
30sep2010,10,.042243816
30sep2010,11,.17531176
30sep2010,12,.16190395
30sep2010,13,.11730436
30sep2010,14,.096939705
30sep2010,15,.055216074
30sep2010,16,.23549955
30sep2010,17,.15372832
30sep2010,18,.1314216
30sep2010,19,.11336868
30sep2010,20,.13125269
30sep2010,21,.18876201
30sep2010,22,.13099334
30sep2010,23,.12684727
30sep2010,24,.16215023
30sep2010,25,.099332318
31dec2010,1,.24095553
31dec2010,2,.23042996
31dec2010,3,.20063813
31dec2010,4,.12609832
31dec2010,5,.080445595
31dec2010,6,.36313707
31dec2010,7,.20987043
31dec2010,8,.17808957
31dec2010,9,.13444865
31dec2010,10,.14780211
31dec2010,11,.23800081
31dec2010,12,.17956726
31dec2010,13,.19206463
31dec2010,14,.17466779
31dec2010,15,.15255731
31dec2010,16,.2060445
31dec2010,17,.14713097
31dec2010,18,.14779873
31dec2010,19,.13251302
31dec2010,20,.075208306
31dec2010,21,.10008302
31dec2010,22,.098817244
31dec2010,23,.11406115
31dec2010,24,.094272271
31dec2010,25,.075169377
31mar2011,1,.17638998
31mar2011,2,.12762351
31mar2011,3,.08871986
31mar2011,4,.059575804
31mar2011,5,.049432229
31mar2011,6,.10613284
31mar2011,7,.067677438
31mar2011,8,.043904223
31mar2011,9,.021707654
31mar2011,10,-.011084561
31mar2011,11,.12196477
31mar2011,12,.10222663
31mar2011,13,.074164331
31mar2011,14,.031103054
31mar2011,15,.046768885
31mar2011,16,.15719098
31mar2011,17,.1042831
31mar2011,18,.07982073
31mar2011,19,.059485864
31mar2011,20,.036235787
31mar2011,21,.064628616
31mar2011,22,.053272169
31mar2011,23,.079315767
31mar2011,24,.048726849
31mar2011,25,.032475408
30jun2011,1,-.078277111
30jun2011,2,-.0067183264
30jun2011,3,.023276519
30jun2011,4,-.045953106
30jun2011,5,-.074706137
30jun2011,6,.036405154
30jun2011,7,.020498212
30jun2011,8,-.0056596976
30jun2011,9,-.066924796
30jun2011,10,-.074860014
30jun2011,11,.043816928
30jun2011,12,-.018173337
30jun2011,13,-.010694711
30jun2011,14,-.02763994
30jun2011,15,-.091578983
30jun2011,16,.047087304
30jun2011,17,.0066800779
30jun2011,18,-.00077418506
30jun2011,19,-.018207457
30jun2011,20,-.034707122
30jun2011,21,.04924399
30jun2011,22,.018479116
30jun2011,23,.00013642255
30jun2011,24,-.016842719
30jun2011,25,-.050741404
30sep2011,1,-.17086463
30sep2011,2,-.16447361
30sep2011,3,-.16058546
30sep2011,4,-.13801722
30sep2011,5,-.20628071
30sep2011,6,-.20118698
30sep2011,7,-.22858863
30sep2011,8,-.21210377
30sep2011,9,-.23762527
30sep2011,10,-.27991712
30sep2011,11,-.17980976
30sep2011,12,-.18522419
30sep2011,13,-.22334892
30sep2011,14,-.24487658
30sep2011,15,-.31568384
30sep2011,16,-.17929879
30sep2011,17,-.18390393
30sep2011,18,-.2144866
30sep2011,19,-.21985981
30sep2011,20,-.27634093
30sep2011,21,-.064323507
30sep2011,22,-.1242232
30sep2011,23,-.14706202
30sep2011,24,-.1891668
30sep2011,25,-.23703477
31dec2011,1,.042471666
31dec2011,2,.11559478
31dec2011,3,.06238227
31dec2011,4,.04447262
31dec2011,5,-.018995352
31dec2011,6,.14477947
31dec2011,7,.13107638
31dec2011,8,.13859935
31dec2011,9,.11201617
31dec2011,10,.07333117
31dec2011,11,.18431191
31dec2011,12,.1686192
31dec2011,13,.1833044
31dec2011,14,.15291916
31dec2011,15,.077982619
31dec2011,16,.16960968
31dec2011,17,.17885453
31dec2011,18,.1844238
31dec2011,19,.13023795
31dec2011,20,.063964374
31dec2011,21,.11145259
31dec2011,22,.11413103
31dec2011,23,.12532313
31dec2011,24,.10864591
31dec2011,25,.050244223
31mar2012,1,.28067595
31mar2012,2,.20455815
31mar2012,3,.18757969
31mar2012,4,.12419015
31mar2012,5,.19063193
31mar2012,6,.17855765
31mar2012,7,.22077434
31mar2012,8,.11245135
31mar2012,9,.14617856
31mar2012,10,.14313154
31mar2012,11,.19082969
31mar2012,12,.14864783
31mar2012,13,.1370499
31mar2012,14,.14514494
31mar2012,15,.12025414
31mar2012,16,.19635187
31mar2012,17,.15056711
31mar2012,18,.13904098
31mar2012,19,.096730471
31mar2012,20,.10971052
31mar2012,21,.17474197
31mar2012,22,.11824591
31mar2012,23,.090850875
31mar2012,24,.13371781
31mar2012,25,.20259009
30jun2012,1,-.040197253
30jun2012,2,-.063857563
30jun2012,3,-.0082303761
30jun2012,4,-.001460248
30jun2012,5,-.075085744
30jun2012,6,.060688201
30jun2012,7,-.047418289
30jun2012,8,-.015595851
30jun2012,9,-.026268138
30jun2012,10,-.066454843
30jun2012,11,-.00086193875
30jun2012,12,-.034631159
30jun2012,13,-.05045658
30jun2012,14,-.070566975
30jun2012,15,-.10180717
30jun2012,16,-.00063020107
30jun2012,17,-.044426907
30jun2012,18,-.038707085
30jun2012,19,-.065649502
30jun2012,20,-.083948828
30jun2012,21,-.0048011993
30jun2012,22,-.023884678
30jun2012,23,-.025358964
30jun2012,24,-.065446928
30jun2012,25,-.095097192
30sep2012,1,.1869356
30sep2012,2,.0070362431
30sep2012,3,.089331202
30sep2012,4,.031847384
30sep2012,5,.063598096
30sep2012,6,.093925431
30sep2012,7,.074422404
30sep2012,8,.042720109
30sep2012,9,.04641572
30sep2012,10,.025198421
30sep2012,11,.092205383
30sep2012,12,.071085364
30sep2012,13,.085298978
30sep2012,14,.053256389
30sep2012,15,.036177929
30sep2012,16,.10015382
30sep2012,17,.061064363
30sep2012,18,.063344367
30sep2012,19,.05303451
30sep2012,20,.026285494
30sep2012,21,.06317693
30sep2012,22,.072253726
30sep2012,23,.080248751
30sep2012,24,.057801828
30sep2012,25,.096740663
31dec2012,1,.0046682931
31dec2012,2,.035239074
31dec2012,3,.029796949
31dec2012,4,.00048371186
31dec2012,5,.0011806771
31dec2012,6,.010118879
31dec2012,7,-.029244343
31dec2012,8,.028573006
31dec2012,9,.0070108403
31dec2012,10,.012881308
31dec2012,11,.032750465
31dec2012,12,.038096953
31dec2012,13,.028250646
31dec2012,14,.040226612
31dec2012,15,.068577692
31dec2012,16,.041965168
31dec2012,17,.05183468
31dec2012,18,.052022595
31dec2012,19,.030907195
31dec2012,20,.060446404
31dec2012,21,-.0032315438
31dec2012,22,.022639643
31dec2012,23,.026933456
31dec2012,24,.064795092
31dec2012,25,.090913765
31mar2013,1,.1554019
31mar2013,2,.22429919
31mar2013,3,.1489964
31mar2013,4,.15279314
31mar2013,5,.14930944
31mar2013,6,.16617601
31mar2013,7,.17549111
31mar2013,8,.12896241
31mar2013,9,.070619486
31mar2013,10,.10937385
31mar2013,11,.2032859
31mar2013,12,.1491781
31mar2013,13,.1069968
31mar2013,14,.0948627
31mar2013,15,.072047934
31mar2013,16,.20907739
31mar2013,17,.16553007
31mar2013,18,.14704081
31mar2013,19,.11870252
31mar2013,20,.12550227
31mar2013,21,.13254145
31mar2013,22,.090314925
31mar2013,23,.086676322
31mar2013,24,.07077691
31mar2013,25,.044686548
30jun2013,1,.084285207
30jun2013,2,.066064559
30jun2013,3,.015970713
30jun2013,4,.043067366
30jun2013,5,.0010724097
30jun2013,6,.13225427
30jun2013,7,.11885522
30jun2013,8,.03706171
30jun2013,9,.037935209
30jun2013,10,.03219359
30jun2013,11,.11974312
30jun2013,12,.080500551
30jun2013,13,.029158957
30jun2013,14,.017357556
30jun2013,15,-.049836617
30jun2013,16,.10763489
30jun2013,17,.038008314
30jun2013,18,.011771547
30jun2013,19,-.0035230282
30jun2013,20,-.026781728
30jun2013,21,.03133028
30jun2013,22,.015351389
30jun2013,23,.019703778
30jun2013,24,.038449217
30jun2013,25,.019917561
30sep2013,1,.21035366
30sep2013,2,.15591311
30sep2013,3,.11411627
30sep2013,4,.075866736
30sep2013,5,.069844291
30sep2013,6,.25390744
30sep2013,7,.16385901
30sep2013,8,.086274028
30sep2013,9,.080546714
30sep2013,10,.097858071
30sep2013,11,.21606228
30sep2013,12,.16440211
30sep2013,13,.087558493
30sep2013,14,.080733486
30sep2013,15,.066009767
30sep2013,16,.17286964
30sep2013,17,.10791598
30sep2013,18,.076894023
30sep2013,19,.053598497
30sep2013,20,.020903666
30sep2013,21,.11865275
30sep2013,22,.084086247
30sep2013,23,.053692486
30sep2013,24,.073084287
30sep2013,25,.081495054
31dec2013,1,.37064075
31dec2013,2,.18883185
31dec2013,3,.14697948
31dec2013,4,.081922978
31dec2013,5,.029915532
31dec2013,6,.13108937
31dec2013,7,.12686007
31dec2013,8,.11639091
31dec2013,9,.072345547
31dec2013,10,.019368662
31dec2013,11,.17534958
31dec2013,12,.10785288
31dec2013,13,.095477618
31dec2013,14,.094266959
31dec2013,15,.061099209
31dec2013,16,.14229189
31dec2013,17,.1013026
31dec2013,18,.083861277
31dec2013,19,.079865105
31dec2013,20,.048949517
31dec2013,21,.11547227
31dec2013,22,.10666081
31dec2013,23,.083162881
31dec2013,24,.085899122
31dec2013,25,.076666921
31mar2014,1,.057745673
31mar2014,2,.090284064
31mar2014,3,.12492114
31mar2014,4,.032136708
31mar2014,5,.029084656
31mar2014,6,.025319874
31mar2014,7,.080906644
31mar2014,8,.0099541973
31mar2014,9,.015111233
31mar2014,10,.01623977
31mar2014,11,.060370531
31mar2014,12,.0078657698
31mar2014,13,.021188987
31mar2014,14,.016099786
31mar2014,15,.015437027
31mar2014,16,.065895878
31mar2014,17,.031257689
31mar2014,18,.039704122
31mar2014,19,.039419554
31mar2014,20,.016061887
31mar2014,21,.011272968
31mar2014,22,.043901358
31mar2014,23,.019747075
31mar2014,24,.024815593
31mar2014,25,-.0061338618
30jun2014,1,-.031847306
30jun2014,2,.027622366
30jun2014,3,-.0042404947
30jun2014,4,-.010640566
30jun2014,5,-.0019996909
30jun2014,6,-.0067082397
30jun2014,7,-.0026861634
30jun2014,8,-.00097813283
30jun2014,9,-.0074340901
30jun2014,10,.045197397
30jun2014,11,.031985443
30jun2014,12,.035126224
30jun2014,13,.014277565
30jun2014,14,.030706408
30jun2014,15,.046976864
30jun2014,16,.041589186
30jun2014,17,.043428279
30jun2014,18,.079600096
30jun2014,19,.047318362
30jun2014,20,.049706299
30jun2014,21,.068973377
30jun2014,22,.056114893
30jun2014,23,.050899528
30jun2014,24,.065941252
30jun2014,25,.050805751
30sep2014,1,-.028916998
30sep2014,2,-.042020295
30sep2014,3,.024377177
30sep2014,4,-.045537371
30sep2014,5,-.068794988
30sep2014,6,-.095156945
30sep2014,7,-.060626369
30sep2014,8,-.060282595
30sep2014,9,-.059603296
30sep2014,10,-.13172174
30sep2014,11,-.005785929
30sep2014,12,-.023322621
30sep2014,13,-.070372336
30sep2014,14,-.082644485
30sep2014,15,-.082047068
30sep2014,16,-.006174868
30sep2014,17,-.031819507
30sep2014,18,-.046702936
30sep2014,19,-.057420794
30sep2014,20,-.064996049
30sep2014,21,.043649215
30sep2014,22,.025561828
30sep2014,23,-.0056986189
30sep2014,24,-.02226451
30sep2014,25,-.020255348
31dec2014,1,.0051552979
31dec2014,2,.014704943
31dec2014,3,.0360994
31dec2014,4,.019331275
31dec2014,5,-.030442186
31dec2014,6,.17331824
31dec2014,7,.15833248
31dec2014,8,.14629504
31dec2014,9,.067246743
31dec2014,10,-.044537704
31dec2014,11,.20500454
31dec2014,12,.098683782
31dec2014,13,.090895317
31dec2014,14,.072824791
31dec2014,15,.007137714
31dec2014,16,.13926083
31dec2014,17,.085953958
31dec2014,18,.046879124
31dec2014,19,.036977988
31dec2014,20,-.022920048
31dec2014,21,.080896266
31dec2014,22,.058668081
31dec2014,23,.033159345
31dec2014,24,-.00071252929
31dec2014,25,-.047977604
31mar2015,1,.041294672
31mar2015,2,.025219243
31mar2015,3,.0086192666
31mar2015,4,.023699827
31mar2015,5,-.025550265
31mar2015,6,.0382597
31mar2015,7,.019567952
31mar2015,8,.031439234
31mar2015,9,.025668971
31mar2015,10,-.019138012
31mar2015,11,.16504329
31mar2015,12,.065469511
31mar2015,13,.038102873
31mar2015,14,.0040819976
31mar2015,15,-.0045744763
31mar2015,16,.12526567
31mar2015,17,.086335965
31mar2015,18,.048991147
31mar2015,19,.0037197359
31mar2015,20,.0084942691
31mar2015,21,.045618471
31mar2015,22,.035271823
31mar2015,23,.02622086
31mar2015,24,-.0049963547
31mar2015,25,-.013194015
30jun2015,1,.048897851
30jun2015,2,-.011777951
30jun2015,3,.017770212
30jun2015,4,-.022338346
30jun2015,5,-.012318323
30jun2015,6,.14128245
30jun2015,7,.038204867
30jun2015,8,.034982961
30jun2015,9,.026847778
30jun2015,10,-.0097518731
30jun2015,11,.097627759
30jun2015,12,.049212504
30jun2015,13,.011158477
30jun2015,14,.008866596
30jun2015,15,-.023587599
30jun2015,16,.055124599
30jun2015,17,.0078982208
30jun2015,18,-.010163685
30jun2015,19,-.0077109816
30jun2015,20,-.014411504
30jun2015,21,.030472225
30jun2015,22,-.0053027919
30jun2015,23,-.0033486341
30jun2015,24,.013137892
30jun2015,25,.047412775
30sep2015,1,-.14128599
30sep2015,2,-.15941747
30sep2015,3,-.082792342
30sep2015,4,-.055707656
30sep2015,5,-.1576653
30sep2015,6,-.15296018
30sep2015,7,-.13842517
30sep2015,8,-.12440336
30sep2015,9,-.1019807
30sep2015,10,-.18811916
30sep2015,11,-.11815746
30sep2015,12,-.12896347
30sep2015,13,-.10369333
30sep2015,14,-.10068006
30sep2015,15,-.23065826
30sep2015,16,-.086065575
30sep2015,17,-.066187143
30sep2015,18,-.079287075
30sep2015,19,-.086867884
30sep2015,20,-.17566927
30sep2015,21,-.020211836
30sep2015,22,-.070418537
30sep2015,23,-.073193043
30sep2015,24,-.089301407
30sep2015,25,-.13421588
31dec2015,1,.0083024278
31dec2015,2,.048579711
31dec2015,3,.085847899
31dec2015,4,.034700803
31dec2015,5,-.043903936
31dec2015,6,.11435619
31dec2015,7,.10705362
31dec2015,8,.082684822
31dec2015,9,.018835751
31dec2015,10,-.027018582
31dec2015,11,.10209374
31dec2015,12,.075608753
31dec2015,13,.060668927
31dec2015,14,.015682554
31dec2015,15,-.030602921
31dec2015,16,.11614578
31dec2015,17,.052168041
31dec2015,18,.038971886
31dec2015,19,.0005852466
31dec2015,20,-.0047732769
31dec2015,21,.11830869
31dec2015,22,.057356998
31dec2015,23,.04050722
31dec2015,24,.041707966
31dec2015,25,.00016470035
31mar2016,1,.0036009185
31mar2016,2,-.01762804
31mar2016,3,-.062960893
31mar2016,4,-.043284662
31mar2016,5,-.033834785
31mar2016,6,-.058321334
31mar2016,7,-.063504882
31mar2016,8,.0020605021
31mar2016,9,-.029734561
31mar2016,10,-.028915588
31mar2016,11,-.072619066
31mar2016,12,.0054750443
31mar2016,13,.046932396
31mar2016,14,-.00019439071
31mar2016,15,.048519347
31mar2016,16,.013869124
31mar2016,17,.055651613
31mar2016,18,.047218557
31mar2016,19,.046511594
31mar2016,20,.042041019
31mar2016,21,.019144198
31mar2016,22,.040499277
31mar2016,23,.017873546
31mar2016,24,.018035084
31mar2016,25,-.033351842
30jun2016,1,.010388075
30jun2016,2,.077044085
30jun2016,3,.037559841
30jun2016,4,.027453871
30jun2016,5,.022243489
30jun2016,6,.12830766
30jun2016,7,.081506506
30jun2016,8,.051409066
30jun2016,9,.034582727
30jun2016,10,.031018108
30jun2016,11,.097896807
30jun2016,12,.071728781
30jun2016,13,.053485014
30jun2016,14,.0030369752
30jun2016,15,.068248466
30jun2016,16,.088797316
30jun2016,17,.036515132
30jun2016,18,.059627786
30jun2016,19,.049695477
30jun2016,20,.054497644
30jun2016,21,.041938126
30jun2016,22,.016661504
30jun2016,23,.063042909
30jun2016,24,.059117965
30jun2016,25,.022165051
30sep2016,1,.12289856
30sep2016,2,.091592632
30sep2016,3,.12758169
30sep2016,4,.098974943
30sep2016,5,.060694944
30sep2016,6,.22197312
30sep2016,7,.15424287
30sep2016,8,.15915288
30sep2016,9,.095529087
30sep2016,10,.080604151
30sep2016,11,.22167484
30sep2016,12,.12411817
30sep2016,13,.086858295
30sep2016,14,.092688516
30sep2016,15,.043383569
30sep2016,16,.12599522
30sep2016,17,.089518704
30sep2016,18,.064268686
30sep2016,19,.077110983
30sep2016,20,.038384091
30sep2016,21,.048047297
30sep2016,22,.072512701
30sep2016,23,.02572515
30sep2016,24,.03564439
30sep2016,25,.093108632
31dec2016,1,-.031071164
31dec2016,2,.009577835
31dec2016,3,.065239303
31dec2016,4,.082663171
31dec2016,5,.043631732
31dec2016,6,.095199101
31dec2016,7,.083692417
31dec2016,8,.17692798
31dec2016,9,.13105111
31dec2016,10,.042619877
31dec2016,11,.032901037
31dec2016,12,.075125068
31dec2016,13,.13913849
31dec2016,14,.098039173
31dec2016,15,.076310374
31dec2016,16,.042633031
31dec2016,17,.082536153
31dec2016,18,.094247349
31dec2016,19,.10066394
31dec2016,20,.053576041
31dec2016,21,.011804094
31dec2016,22,.0091846026
31dec2016,23,.016322918
31dec2016,24,.094152898
31dec2016,25,.1246899
31mar2017,1,.14507355
31mar2017,2,.04308378
31mar2017,3,.11653837
31mar2017,4,.018132785
31mar2017,5,.016588435
31mar2017,6,.14070222
31mar2017,7,.076862469
31mar2017,8,.017070707
31mar2017,9,-.035995673
31mar2017,10,.0040962715
31mar2017,11,.15985034
31mar2017,12,.045733217
31mar2017,13,.028539347
31mar2017,14,-.0065468922
31mar2017,15,.010422112
31mar2017,16,.14113468
31mar2017,17,.066558912
31mar2017,18,.047744051
31mar2017,19,.004888928
31mar2017,20,.035683237
31mar2017,21,.12246272
31mar2017,22,.093222171
31mar2017,23,.056117266
31mar2017,24,.036262818
31mar2017,25,.033187587
30jun2017,1,.018779876
30jun2017,2,.010850053
30jun2017,3,.01414826
30jun2017,4,.017673999
30jun2017,5,-.031863216
30jun2017,6,.10207327
30jun2017,7,.085614823
30jun2017,8,.0092866402
30jun2017,9,-.0076768943
30jun2017,10,-.0020624034
30jun2017,11,.091586836
30jun2017,12,.059343275
30jun2017,13,.027416645
30jun2017,14,.0040563131
30jun2017,15,-.012802422
30jun2017,16,.11253823
30jun2017,17,.042669374
30jun2017,18,.012083711
30jun2017,19,-.017263714
30jun2017,20,-.0044516567
30jun2017,21,.081336603
30jun2017,22,.038401287
30jun2017,23,.033915665
30jun2017,24,.01527901
30jun2017,25,.020992836
30sep2017,1,.12319779
30sep2017,2,.060148746
30sep2017,3,.081194118
30sep2017,4,.015794197
30sep2017,5,-.01513629
30sep2017,6,.16375136
30sep2017,7,.16925226
30sep2017,8,.070122108
30sep2017,9,.060059503
30sep2017,10,-.0094265463
30sep2017,11,.1455617
30sep2017,12,.10842074
30sep2017,13,.072062545
30sep2017,14,.0469332
30sep2017,15,.010534462
30sep2017,16,.094137825
30sep2017,17,.065889657
30sep2017,18,.043538161
30sep2017,19,.051632565
30sep2017,20,.035664603
30sep2017,21,.075128824
30sep2017,22,.066904902
30sep2017,23,.040966887
30sep2017,24,.046305206
30sep2017,25,.065733761
31dec2017,1,.053323448
31dec2017,2,.0080966288
31dec2017,3,.0023669894
31dec2017,4,.025244234
31dec2017,5,-.022541195
31dec2017,6,.10986144
31dec2017,7,.017404603
31dec2017,8,.03390494
31dec2017,9,.033576611
31dec2017,10,.043537065
31dec2017,11,.097482465
31dec2017,12,.096655928
31dec2017,13,.030399615
31dec2017,14,.025699472
31dec2017,15,-.0051269517
31dec2017,16,.10105117
31dec2017,17,.087501615
31dec2017,18,.052482415
31dec2017,19,.035255678
31dec2017,20,.0020002355
31dec2017,21,.089878194
31dec2017,22,.080008589
31dec2017,23,.051775847
31dec2017,24,.064919531
31dec2017,25,.0484262
31mar2018,1,.076438718
31mar2018,2,.018342882
31mar2018,3,.046630867
31mar2018,4,.005998502
31mar2018,5,-.038331639
31mar2018,6,.089160696
31mar2018,7,.040030524
31mar2018,8,-.021452645
31mar2018,9,-.010543243
31mar2018,10,-.04514534
31mar2018,11,.083345354
31mar2018,12,.0269491
31mar2018,13,-.011458105
31mar2018,14,-.011834613
31mar2018,15,-.048308436
31mar2018,16,.064707734
31mar2018,17,.01961351
31mar2018,18,-.040844094
31mar2018,19,-.024770638
31mar2018,20,-.038504917
31mar2018,21,.048018187
31mar2018,22,-.0032755863
31mar2018,23,-.01517123
31mar2018,24,-.037573226
31mar2018,25,-.028616048
30jun2018,1,.057407491
30jun2018,2,.10941593
30jun2018,3,.078237236
30jun2018,4,.01910384
30jun2018,5,.073318504
30jun2018,6,.23053044
30jun2018,7,.17917638
30jun2018,8,.10294358
30jun2018,9,.065056682
30jun2018,10,.040425286
30jun2018,11,.20459764
30jun2018,12,.11719508
30jun2018,13,.085813515
30jun2018,14,.087446705
30jun2018,15,.044098388
30jun2018,16,.17601374
30jun2018,17,.062806614
30jun2018,18,.038105492
30jun2018,19,.020024346
30jun2018,20,.014947301
30jun2018,21,.062850334
30jun2018,22,.027342414
30jun2018,23,.031686377
30jun2018,24,.030438256
30jun2018,25,-.041449793
30sep2018,1,.088534869
30sep2018,2,.063620426
30sep2018,3,-.02480557
30sep2018,4,-.044459254
30sep2018,5,-.039459281
30sep2018,6,.10915328
30sep2018,7,.065582946
30sep2018,8,.050856117
30sep2018,9,-.037999224
30sep2018,10,-.045045555
30sep2018,11,.10451731
30sep2018,12,.058341634
30sep2018,13,.010251314
30sep2018,14,-.0049336101
30sep2018,15,-.036731746
30sep2018,16,.15588729
30sep2018,17,.12157129
30sep2018,18,.034793969
30sep2018,19,-.0094018122
30sep2018,20,.0096414965
30sep2018,21,.12208185
30sep2018,22,.057407402
30sep2018,23,.062720425
30sep2018,24,.016919674
30sep2018,25,.024473358
31dec2018,1,-.2242137
31dec2018,2,-.2228678
31dec2018,3,-.21564117
31dec2018,4,-.19635135
31dec2018,5,-.27451256
31dec2018,6,-.21887265
31dec2018,7,-.17984629
31dec2018,8,-.1919536
31dec2018,9,-.16312823
31dec2018,10,-.25847453
31dec2018,11,-.16552304
31dec2018,12,-.18011108
31dec2018,13,-.18586981
31dec2018,14,-.19524769
31dec2018,15,-.22378521
31dec2018,16,-.16183256
31dec2018,17,-.15688844
31dec2018,18,-.11948707
31dec2018,19,-.16456617
31dec2018,20,-.19899915
31dec2018,21,-.12474851
31dec2018,22,-.084778324
31dec2018,23,-.10646071
31dec2018,24,-.12991747
31dec2018,25,-.15011908
31mar2019,1,.32887948
31mar2019,2,.30698797
31mar2019,3,.14457336
31mar2019,4,.12965904
31mar2019,5,.12883623
31mar2019,6,.25707507
31mar2019,7,.21232648
31mar2019,8,.11234436
31mar2019,9,.10539777
31mar2019,10,.086321071
31mar2019,11,.26756358
31mar2019,12,.16835393
31mar2019,13,.1373392
31mar2019,14,.12629776
31mar2019,15,.10140949
31mar2019,16,.29018977
31mar2019,17,.1833422
31mar2019,18,.16366625
31mar2019,19,.13499059
31mar2019,20,.13345525
31mar2019,21,.18136699
31mar2019,22,.15462239
31mar2019,23,.11945763
31mar2019,24,.12156364
31mar2019,25,.090284951
30jun2019,1,-.00453255
30jun2019,2,.017033281
30jun2019,3,-.017652798
30jun2019,4,-.021240138
30jun2019,5,-.077120408
30jun2019,6,.056488633
30jun2019,7,.020213658
30jun2019,8,-.0097292839
30jun2019,9,-.0044570807
30jun2019,10,-.073969454
30jun2019,11,.075610645
30jun2019,12,.032015689
30jun2019,13,.033665843
30jun2019,14,.013813692
30jun2019,15,-.020196376
30jun2019,16,.086281173
30jun2019,17,.050407309
30jun2019,18,.028786818
30jun2019,19,.034581847
30jun2019,20,-.0009963495
30jun2019,21,.060167648
30jun2019,22,.047835283
30jun2019,23,.054362994
30jun2019,24,.022785241
30jun2019,25,.023849672
30sep2019,1,-.031900138
30sep2019,2,-.030014293
30sep2019,3,-.033622343
30sep2019,4,-.019891841
30sep2019,5,-.050813127
30sep2019,6,-.033167724
30sep2019,7,-.075505525
30sep2019,8,-.023002775
30sep2019,9,-.012665683
30sep2019,10,-.070109703
30sep2019,11,-.050632995
30sep2019,12,-.044055853
30sep2019,13,-.0032182494
30sep2019,14,-.024755575
30sep2019,15,-.091216438
30sep2019,16,-.0073119858
30sep2019,17,-.0045314948
30sep2019,18,.012502173
30sep2019,19,-.0030910438
30sep2019,20,-.056909986
30sep2019,21,.031019352
30sep2019,22,.0023736332
30sep2019,23,.025770742
30sep2019,24,.0091985129
30sep2019,25,-.011809459
31dec2019,1,.17385915
31dec2019,2,.115552
31dec2019,3,.036228735
31dec2019,4,.029728372
31dec2019,5,.012385061
31dec2019,6,.29913217
31dec2019,7,.28031361
31dec2019,8,.1206743
31dec2019,9,.070384234
31dec2019,10,.047848724
31dec2019,11,.33990842
31dec2019,12,.15699697
31dec2019,13,.10615384
31dec2019,14,.095802262
31dec2019,15,.13313305
31dec2019,16,.23743758
31dec2019,17,.095265642
31dec2019,18,.11637038
31dec2019,19,.076057389
31dec2019,20,.064137995
31dec2019,21,.11903057
31dec2019,22,.10874042
31dec2019,23,.095073588
31dec2019,24,.055222694
31dec2019,25,.08758606
31mar2020,1,-.23293735
31mar2020,2,-.1770335
31mar2020,3,-.18288366
31mar2020,4,-.28001493
31mar2020,5,-.3780539
31mar2020,6,-.24742146
31mar2020,7,-.15516426
31mar2020,8,-.24591854
31mar2020,9,-.3708705
31mar2020,10,-.43704689
31mar2020,11,-.32052997
31mar2020,12,-.2221875
31mar2020,13,-.2950027
31mar2020,14,-.37389246
31mar2020,15,-.45396736
31mar2020,16,-.17532063
31mar2020,17,-.24775144
31mar2020,18,-.32918474
31mar2020,19,-.37609515
31mar2020,20,-.4489221
31mar2020,21,-.084874064
31mar2020,22,-.15552923
31mar2020,23,-.20785581
31mar2020,24,-.30827376
31mar2020,25,-.33008274
30jun2020,1,.49485645
30jun2020,2,.50569147
30jun2020,3,.49110305
30jun2020,4,.27946594
30jun2020,5,.16807047
30jun2020,6,.53153318
30jun2020,7,.49997142
30jun2020,8,.37237245
30jun2020,9,.19600995
30jun2020,10,.25392282
30jun2020,11,.71983224
30jun2020,12,.55871785
30jun2020,13,.32877567
30jun2020,14,.27656251
30jun2020,15,.27784193
30jun2020,16,.53146881
30jun2020,17,.37930861
30jun2020,18,.2934978
30jun2020,19,.27848211
30jun2020,20,.35004318
30jun2020,21,.37500098
30jun2020,22,.20472105
30jun2020,23,.1838772
30jun2020,24,.15713528
30jun2020,25,.1215538
30sep2020,1,.15026484
30sep2020,2,.063140176
30sep2020,3,.10940924
30sep2020,4,.022489469
30sep2020,5,-.039246202
30sep2020,6,.1188562
30sep2020,7,.055864412
30sep2020,8,.03174438
30sep2020,9,.035400916
30sep2020,10,-.0096467184
30sep2020,11,.18388221
30sep2020,12,.099210344
30sep2020,13,.06685774
30sep2020,14,-.010970511
30sep2020,15,-.028692553
30sep2020,16,.16307865
30sep2020,17,.074995056
30sep2020,18,.052558646
30sep2020,19,.012844747
30sep2020,20,-.020187985
30sep2020,21,.17141581
30sep2020,22,.13619639
30sep2020,23,.080635689
30sep2020,24,-.00021196055
30sep2020,25,-.023551634
31dec2020,1,.41774124
31dec2020,2,.32850182
31dec2020,3,.2021452
31dec2020,4,.29789928
31dec2020,5,.24552228
31dec2020,6,.45125094
31dec2020,7,.38530564
31dec2020,8,.26797292
31dec2020,9,.30595213
31dec2020,10,.36445677
31dec2020,11,.5230642
31dec2020,12,.42887479
31dec2020,13,.2919741
31dec2020,14,.3367708
31dec2020,15,.34495425
31dec2020,16,.44411999
31dec2020,17,.27477852
31dec2020,18,.31129658
31dec2020,19,.32416722
31dec2020,20,.35582846
31dec2020,21,.18248528
31dec2020,22,.10007199
31dec2020,23,.17891394
31dec2020,24,.21674091
31dec2020,25,.24596329
