date,doubleq,avgRET
31/03/2000,1,.45012039
31/03/2000,2,.41058627
31/03/2000,3,.13066235
31/03/2000,4,.12207817
31/03/2000,5,.021330012
31/03/2000,6,.37279195
31/03/2000,7,.37809768
31/03/2000,8,.088866167
31/03/2000,9,.023510842
31/03/2000,10,-.040464617
31/03/2000,11,.39219171
31/03/2000,12,.23439616
31/03/2000,13,.040324755
31/03/2000,14,.035206486
31/03/2000,15,-.012978005
31/03/2000,16,.339232
31/03/2000,17,.11127437
31/03/2000,18,.036509823
31/03/2000,19,-.010050884
31/03/2000,20,-.053574398
31/03/2000,21,.057378948
31/03/2000,22,.030062582
31/03/2000,23,.028357729
31/03/2000,24,-.069458008
31/03/2000,25,-.059670977
30/06/2000,1,-.20728686
30/06/2000,2,-.11301826
30/06/2000,3,-.07304205
30/06/2000,4,-.087772965
30/06/2000,5,-.14865197
30/06/2000,6,-.21607
30/06/2000,7,-.068447448
30/06/2000,8,.03253473
30/06/2000,9,-.050577052
30/06/2000,10,-.10093495
30/06/2000,11,-.061847657
30/06/2000,12,.019830003
30/06/2000,13,-.03744847
30/06/2000,14,.0059196916
30/06/2000,15,-.12000982
30/06/2000,16,.17100634
30/06/2000,17,.037465781
30/06/2000,18,.014351864
30/06/2000,19,.00094390148
30/06/2000,20,-.01948758
30/06/2000,21,.037372202
30/06/2000,22,-.029188674
30/06/2000,23,.015831893
30/06/2000,24,.0015725758
30/06/2000,25,-.0037713817
30/09/2000,1,-.044806845
30/09/2000,2,.041623686
30/09/2000,3,.010805654
30/09/2000,4,.002617151
30/09/2000,5,-.061896607
30/09/2000,6,-.0098974556
30/09/2000,7,.1120467
30/09/2000,8,.020100357
30/09/2000,9,.039923482
30/09/2000,10,-.026974626
30/09/2000,11,.1615781
30/09/2000,12,.057528924
30/09/2000,13,.011263775
30/09/2000,14,.011996383
30/09/2000,15,-.089961603
30/09/2000,16,.17364149
30/09/2000,17,.039557032
30/09/2000,18,.047173873
30/09/2000,19,.056139551
30/09/2000,20,-.0097547565
30/09/2000,21,-.0023236542
30/09/2000,22,.05770164
30/09/2000,23,.10722505
30/09/2000,24,.049113426
30/09/2000,25,-.046277363
31/12/2000,1,-.3442632
31/12/2000,2,-.31091383
31/12/2000,3,-.12415765
31/12/2000,4,-.13539968
31/12/2000,5,-.23178107
31/12/2000,6,-.27467492
31/12/2000,7,-.12894148
31/12/2000,8,-.091967501
31/12/2000,9,-.11460935
31/12/2000,10,-.21765497
31/12/2000,11,-.18231831
31/12/2000,12,-.15621594
31/12/2000,13,-.097250447
31/12/2000,14,-.061273258
31/12/2000,15,-.21727207
31/12/2000,16,-.060989697
31/12/2000,17,.011023777
31/12/2000,18,.013656489
31/12/2000,19,-.0089435503
31/12/2000,20,.037331667
31/12/2000,21,-.0097659975
31/12/2000,22,.02892972
31/12/2000,23,.020402495
31/12/2000,24,.070355296
31/12/2000,25,-.058838941
31/03/2001,1,.088347733
31/03/2001,2,.15546924
31/03/2001,3,.068939291
31/03/2001,4,.07472834
31/03/2001,5,.063646361
31/03/2001,6,.12902531
31/03/2001,7,.12252633
31/03/2001,8,.047879856
31/03/2001,9,.078733779
31/03/2001,10,.12829612
31/03/2001,11,.089472443
31/03/2001,12,-.0068729823
31/03/2001,13,.019898314
31/03/2001,14,.065134019
31/03/2001,15,.057546858
31/03/2001,16,-.071277641
31/03/2001,17,-.034478016
31/03/2001,18,-.010066275
31/03/2001,19,.030241642
31/03/2001,20,.092683017
31/03/2001,21,-.073587336
31/03/2001,22,-.074501894
31/03/2001,23,-.038060568
31/03/2001,24,-.054536644
31/03/2001,25,-.012352352
30/06/2001,1,.22885606
30/06/2001,2,.37943053
30/06/2001,3,.171499
30/06/2001,4,.12654088
30/06/2001,5,.10333729
30/06/2001,6,.24139115
30/06/2001,7,.2250542
30/06/2001,8,.10467042
30/06/2001,9,.10734875
30/06/2001,10,.11692534
30/06/2001,11,.53589767
30/06/2001,12,.28325438
30/06/2001,13,.23565938
30/06/2001,14,.20976736
30/06/2001,15,.10755737
30/06/2001,16,.41337013
30/06/2001,17,.26493725
30/06/2001,18,.16521031
30/06/2001,19,.10629382
30/06/2001,20,.060440097
30/06/2001,21,.0860181
30/06/2001,22,.05238083
30/06/2001,23,.038518745
30/06/2001,24,.060472976
30/06/2001,25,.035054397
30/09/2001,1,-.18142539
30/09/2001,2,-.058856513
30/09/2001,3,-.048409257
30/09/2001,4,-.075894013
30/09/2001,5,-.12539828
30/09/2001,6,-.21748683
30/09/2001,7,-.033117939
30/09/2001,8,-.09282086
30/09/2001,9,-.09731809
30/09/2001,10,-.13928594
30/09/2001,11,-.14730884
30/09/2001,12,-.19284309
30/09/2001,13,-.14930959
30/09/2001,14,-.13457838
30/09/2001,15,-.20889767
30/09/2001,16,-.22509827
30/09/2001,17,-.19961318
30/09/2001,18,-.15360151
30/09/2001,19,-.10825141
30/09/2001,20,-.18237598
30/09/2001,21,-.1255008
30/09/2001,22,-.15097129
30/09/2001,23,-.14276305
30/09/2001,24,-.11276847
30/09/2001,25,-.19737166
31/12/2001,1,.26664835
31/12/2001,2,.23613651
31/12/2001,3,.25803116
31/12/2001,4,.18620126
31/12/2001,5,.085884281
31/12/2001,6,.46725649
31/12/2001,7,.48926002
31/12/2001,8,.24091496
31/12/2001,9,.19169083
31/12/2001,10,.17543888
31/12/2001,11,.54452306
31/12/2001,12,.38922
31/12/2001,13,.2146104
31/12/2001,14,.16903925
31/12/2001,15,.1830786
31/12/2001,16,.54337704
31/12/2001,17,.34114113
31/12/2001,18,.2525641
31/12/2001,19,.14793402
31/12/2001,20,.16497348
31/12/2001,21,.15727627
31/12/2001,22,.14046529
31/12/2001,23,.071448125
31/12/2001,24,.1042731
31/12/2001,25,.12994911
31/03/2002,1,.10085631
31/03/2002,2,.14356554
31/03/2002,3,.11096668
31/03/2002,4,.053775951
31/03/2002,5,.090345107
31/03/2002,6,.13783015
31/03/2002,7,.1223859
31/03/2002,8,.084102355
31/03/2002,9,.063016869
31/03/2002,10,.056623772
31/03/2002,11,.098375864
31/03/2002,12,.066011272
31/03/2002,13,.09140306
31/03/2002,14,.058886424
31/03/2002,15,.09525007
31/03/2002,16,.08654584
31/03/2002,17,.08888384
31/03/2002,18,.10268139
31/03/2002,19,.067349777
31/03/2002,20,.088694058
31/03/2002,21,.049603343
31/03/2002,22,.079654902
31/03/2002,23,.045934658
31/03/2002,24,.03712393
31/03/2002,25,.035524908
30/06/2002,1,.006224087
30/06/2002,2,-.06950736
30/06/2002,3,-.0044337125
30/06/2002,4,-.00092836627
30/06/2002,5,-.027111735
30/06/2002,6,-.062685348
30/06/2002,7,.013414647
30/06/2002,8,.025795707
30/06/2002,9,-.02833721
30/06/2002,10,-.044382341
30/06/2002,11,-.040104527
30/06/2002,12,.024089884
30/06/2002,13,-.0032374565
30/06/2002,14,-.013032006
30/06/2002,15,-.054796044
30/06/2002,16,-.056871932
30/06/2002,17,-.058292694
30/06/2002,18,-.024133401
30/06/2002,19,-.062482115
30/06/2002,20,-.10044395
30/06/2002,21,-.053721905
30/06/2002,22,-.083747193
30/06/2002,23,-.065797374
30/06/2002,24,-.045585617
30/06/2002,25,-.037462864
30/09/2002,1,-.12530839
30/09/2002,2,-.1119285
30/09/2002,3,-.087533638
30/09/2002,4,-.14344889
30/09/2002,5,-.20087597
30/09/2002,6,-.1078668
30/09/2002,7,-.11181635
30/09/2002,8,-.13141003
30/09/2002,9,-.18419152
30/09/2002,10,-.27531832
30/09/2002,11,-.11169857
30/09/2002,12,-.17508836
30/09/2002,13,-.21951842
30/09/2002,14,-.24070495
30/09/2002,15,-.29343396
30/09/2002,16,-.046100631
30/09/2002,17,-.12322801
30/09/2002,18,-.1646055
30/09/2002,19,-.22603716
30/09/2002,20,-.26680136
30/09/2002,21,-.11890658
30/09/2002,22,-.17928338
30/09/2002,23,-.21688971
30/09/2002,24,-.22100863
30/09/2002,25,-.22220102
31/12/2002,1,.17733189
31/12/2002,2,.13362049
31/12/2002,3,.13677761
31/12/2002,4,.14258057
31/12/2002,5,.061085224
31/12/2002,6,.29917482
31/12/2002,7,.14106028
31/12/2002,8,.13960548
31/12/2002,9,.13694681
31/12/2002,10,.094142824
31/12/2002,11,.3179242
31/12/2002,12,.10557872
31/12/2002,13,.1166783
31/12/2002,14,.10017484
31/12/2002,15,-.015126131
31/12/2002,16,.16228348
31/12/2002,17,.11938039
31/12/2002,18,.093319885
31/12/2002,19,.079015389
31/12/2002,20,.069491863
31/12/2002,21,.092204876
31/12/2002,22,.086933084
31/12/2002,23,.15152517
31/12/2002,24,.12803282
31/12/2002,25,.055672228
31/03/2003,1,.13983056
31/03/2003,2,.12138674
31/03/2003,3,.053183064
31/03/2003,4,.018015632
31/03/2003,5,-.045376789
31/03/2003,6,.030455844
31/03/2003,7,.029978026
31/03/2003,8,.019242674
31/03/2003,9,.019972632
31/03/2003,10,-.082513161
31/03/2003,11,.09081056
31/03/2003,12,-.0099694887
31/03/2003,13,-.036651492
31/03/2003,14,-.078449681
31/03/2003,15,-.10179678
31/03/2003,16,.049600359
31/03/2003,17,-.0041796495
31/03/2003,18,-.055502504
31/03/2003,19,-.035317663
31/03/2003,20,-.10347121
31/03/2003,21,.00098190177
31/03/2003,22,-.032381125
31/03/2003,23,-.028562088
31/03/2003,24,-.067799926
31/03/2003,25,-.0072225039
30/06/2003,1,.3220343
30/06/2003,2,.30637407
30/06/2003,3,.28938591
30/06/2003,4,.26010856
30/06/2003,5,.24722351
30/06/2003,6,.69596958
30/06/2003,7,.34398124
30/06/2003,8,.23952174
30/06/2003,9,.19016196
30/06/2003,10,.26544493
30/06/2003,11,.60488367
30/06/2003,12,.380992
30/06/2003,13,.2364623
30/06/2003,14,.26085052
30/06/2003,15,.28334567
30/06/2003,16,.38711035
30/06/2003,17,.24974264
30/06/2003,18,.22716697
30/06/2003,19,.20239286
30/06/2003,20,.26687631
30/06/2003,21,.22086716
30/06/2003,22,.20453267
30/06/2003,23,.1778629
30/06/2003,24,.26727307
30/06/2003,25,.17706987
30/09/2003,1,.3079367
30/09/2003,2,.1837858
30/09/2003,3,.21054707
30/09/2003,4,.12313958
30/09/2003,5,.13376951
30/09/2003,6,.30693853
30/09/2003,7,.26774192
30/09/2003,8,.13038741
30/09/2003,9,.12020507
30/09/2003,10,.13977885
30/09/2003,11,.26385635
30/09/2003,12,.18595757
30/09/2003,13,.13549282
30/09/2003,14,.059560049
30/09/2003,15,.10446305
30/09/2003,16,.20871781
30/09/2003,17,.13858011
30/09/2003,18,.098121375
30/09/2003,19,.062060084
30/09/2003,20,.084267765
30/09/2003,21,.11777413
30/09/2003,22,.042613342
30/09/2003,23,.04613265
30/09/2003,24,.038958456
30/09/2003,25,.03705838
31/12/2003,1,.20936443
31/12/2003,2,.17602682
31/12/2003,3,.17438295
31/12/2003,4,.14673389
31/12/2003,5,.12707657
31/12/2003,6,.30975407
31/12/2003,7,.26731661
31/12/2003,8,.16422574
31/12/2003,9,.13299689
31/12/2003,10,.15977728
31/12/2003,11,.28163254
31/12/2003,12,.22656099
31/12/2003,13,.1408478
31/12/2003,14,.13976446
31/12/2003,15,.16407618
31/12/2003,16,.18627343
31/12/2003,17,.16694163
31/12/2003,18,.15625955
31/12/2003,19,.14101867
31/12/2003,20,.16844898
31/12/2003,21,.21876331
31/12/2003,22,.15853602
31/12/2003,23,.16105691
31/12/2003,24,.1787996
31/12/2003,25,.1650686
31/03/2004,1,.28843597
31/03/2004,2,.1882436
31/03/2004,3,.10190237
31/03/2004,4,.078114383
31/03/2004,5,.060014166
31/03/2004,6,.1611985
31/03/2004,7,.068204805
31/03/2004,8,.067553639
31/03/2004,9,.031429704
31/03/2004,10,.040971372
31/03/2004,11,.1330644
31/03/2004,12,.11190885
31/03/2004,13,.061741058
31/03/2004,14,.069012664
31/03/2004,15,.037141059
31/03/2004,16,.1278002
31/03/2004,17,.086769871
31/03/2004,18,.097309351
31/03/2004,19,.0595017
31/03/2004,20,.026503792
31/03/2004,21,.04675436
31/03/2004,22,.016663114
31/03/2004,23,.057656918
31/03/2004,24,.057924286
31/03/2004,25,.021301681
30/06/2004,1,-.03543891
30/06/2004,2,-.021845952
30/06/2004,3,-.009430225
30/06/2004,4,.0077656852
30/06/2004,5,-.028074065
30/06/2004,6,-.0036554057
30/06/2004,7,-.014642471
30/06/2004,8,-.011531924
30/06/2004,9,-.039535228
30/06/2004,10,-.062955149
30/06/2004,11,.015198345
30/06/2004,12,-.01245184
30/06/2004,13,.0014929468
30/06/2004,14,.017337224
30/06/2004,15,-.018790444
30/06/2004,16,.071581133
30/06/2004,17,.033296593
30/06/2004,18,.0043837489
30/06/2004,19,.017776828
30/06/2004,20,-.012076371
30/06/2004,21,.040386528
30/06/2004,22,.02950819
30/06/2004,23,.013434419
30/06/2004,24,-.012377336
30/06/2004,25,.047414236
30/09/2004,1,-.072240382
30/09/2004,2,-.066013329
30/09/2004,3,-.020822022
30/09/2004,4,.011128407
30/09/2004,5,-.044553921
30/09/2004,6,-.020349564
30/09/2004,7,-.062096369
30/09/2004,8,-.027932907
30/09/2004,9,-.062820345
30/09/2004,10,-.048378926
30/09/2004,11,.031445701
30/09/2004,12,.0055599464
30/09/2004,13,-.015460038
30/09/2004,14,-.058939278
30/09/2004,15,-.049500421
30/09/2004,16,.01466361
30/09/2004,17,.0042874496
30/09/2004,18,.012310715
30/09/2004,19,-.0092733251
30/09/2004,20,-.0098171281
30/09/2004,21,-.021734977
30/09/2004,22,-.017963845
30/09/2004,23,.038480472
30/09/2004,24,.036758039
30/09/2004,25,.023935774
31/12/2004,1,.31757045
31/12/2004,2,.30195901
31/12/2004,3,.20701864
31/12/2004,4,.11984628
31/12/2004,5,.07632865
31/12/2004,6,.39424866
31/12/2004,7,.17844866
31/12/2004,8,.17039464
31/12/2004,9,.1187121
31/12/2004,10,.12584838
31/12/2004,11,.2532697
31/12/2004,12,.19254982
31/12/2004,13,.16275351
31/12/2004,14,.11411108
31/12/2004,15,.11807337
31/12/2004,16,.21294051
31/12/2004,17,.16244045
31/12/2004,18,.12391519
31/12/2004,19,.14518122
31/12/2004,20,.12422083
31/12/2004,21,.11205457
31/12/2004,22,.11155989
31/12/2004,23,.12203053
31/12/2004,24,.10427224
31/12/2004,25,.10407349
31/03/2005,1,-.011393114
31/03/2005,2,-.033736866
31/03/2005,3,-.02784322
31/03/2005,4,-.044458508
31/03/2005,5,-.06619411
31/03/2005,6,-.061968993
31/03/2005,7,-.039884742
31/03/2005,8,-.079030521
31/03/2005,9,-.087278582
31/03/2005,10,-.079725638
31/03/2005,11,-.05028018
31/03/2005,12,-.0097551076
31/03/2005,13,-.043087855
31/03/2005,14,-.06171212
31/03/2005,15,-.064206906
31/03/2005,16,-.00096744666
31/03/2005,17,-.018599102
31/03/2005,18,-.018151533
31/03/2005,19,-.016108705
31/03/2005,20,-.034745641
31/03/2005,21,-.015773704
31/03/2005,22,.022531185
31/03/2005,23,.0048631858
31/03/2005,24,.012504029
31/03/2005,25,.017458489
30/06/2005,1,-.035631206
30/06/2005,2,.0581179
30/06/2005,3,.015503687
30/06/2005,4,-.010674382
30/06/2005,5,-.049875781
30/06/2005,6,.10298199
30/06/2005,7,.088348329
30/06/2005,8,.01933153
30/06/2005,9,.0089626526
30/06/2005,10,-.0036282847
30/06/2005,11,.12620975
30/06/2005,12,.093322203
30/06/2005,13,.037214696
30/06/2005,14,.029160373
30/06/2005,15,.019739956
30/06/2005,16,.14152148
30/06/2005,17,.070311792
30/06/2005,18,.050888468
30/06/2005,19,.041873373
30/06/2005,20,.038101625
30/06/2005,21,.034297567
30/06/2005,22,.024726419
30/06/2005,23,.041861888
30/06/2005,24,.041106891
30/06/2005,25,.032890406
30/09/2005,1,.08109609
30/09/2005,2,.090206474
30/09/2005,3,.059420783
30/09/2005,4,.040212013
30/09/2005,5,.014193848
30/09/2005,6,.18500794
30/09/2005,7,.15721253
30/09/2005,8,.063167401
30/09/2005,9,.033107232
30/09/2005,10,.0025933073
30/09/2005,11,.14039293
30/09/2005,12,.12159616
30/09/2005,13,.065874271
30/09/2005,14,.020140603
30/09/2005,15,-.026047794
30/09/2005,16,.16406089
30/09/2005,17,.086408421
30/09/2005,18,.086200364
30/09/2005,19,.037998103
30/09/2005,20,.012019564
30/09/2005,21,.19926354
30/09/2005,22,.085018612
30/09/2005,23,.063962504
30/09/2005,24,.065139093
30/09/2005,25,.057776205
31/12/2005,1,.015694978
31/12/2005,2,.040594768
31/12/2005,3,.033216067
31/12/2005,4,.00068239897
31/12/2005,5,-.05536896
31/12/2005,6,.11082517
31/12/2005,7,.051795058
31/12/2005,8,.0161002
31/12/2005,9,.0076014227
31/12/2005,10,-.012824574
31/12/2005,11,.089035146
31/12/2005,12,.056439046
31/12/2005,13,.013452164
31/12/2005,14,.037962351
31/12/2005,15,-.012495755
31/12/2005,16,.085474975
31/12/2005,17,.037444685
31/12/2005,18,.043193385
31/12/2005,19,-.0045592324
31/12/2005,20,-.014520257
31/12/2005,21,.007373089
31/12/2005,22,.031662103
31/12/2005,23,.051771879
31/12/2005,24,.038548443
31/12/2005,25,.002588083
31/03/2006,1,.18449846
31/03/2006,2,.18186784
31/03/2006,3,.16547896
31/03/2006,4,.064692959
31/03/2006,5,.069357961
31/03/2006,6,.22780004
31/03/2006,7,.19415636
31/03/2006,8,.12014901
31/03/2006,9,.11875601
31/03/2006,10,.065863743
31/03/2006,11,.1805833
31/03/2006,12,.19324128
31/03/2006,13,.14162156
31/03/2006,14,.13302918
31/03/2006,15,.074241616
31/03/2006,16,.15960486
31/03/2006,17,.18879987
31/03/2006,18,.12870118
31/03/2006,19,.12112991
31/03/2006,20,.046158776
31/03/2006,21,.10415778
31/03/2006,22,.05876819
31/03/2006,23,.097424626
31/03/2006,24,.052761178
31/03/2006,25,.072688654
30/06/2006,1,-.084955864
30/06/2006,2,-.021512585
30/06/2006,3,-.037270527
30/06/2006,4,-.02542283
30/06/2006,5,-.065482847
30/06/2006,6,-.086713187
30/06/2006,7,-.06535767
30/06/2006,8,-.036943637
30/06/2006,9,-.045901414
30/06/2006,10,-.061907616
30/06/2006,11,-.044742815
30/06/2006,12,-.035343464
30/06/2006,13,-.037335064
30/06/2006,14,-.03889554
30/06/2006,15,-.049745023
30/06/2006,16,-.0054479004
30/06/2006,17,-.029392958
30/06/2006,18,-.054025795
30/06/2006,19,-.017962752
30/06/2006,20,-.0090407897
30/06/2006,21,.0033980226
30/06/2006,22,-.017413046
30/06/2006,23,.0093720024
30/06/2006,24,.00029834732
30/06/2006,25,.010302904
30/09/2006,1,-.030038111
30/09/2006,2,-.024878381
30/09/2006,3,.00084666006
30/09/2006,4,-.024370335
30/09/2006,5,-.034069691
30/09/2006,6,.012191717
30/09/2006,7,-.012891918
30/09/2006,8,.010857173
30/09/2006,9,-.010952239
30/09/2006,10,-.038429003
30/09/2006,11,.073610581
30/09/2006,12,.035227522
30/09/2006,13,.005072841
30/09/2006,14,.013610757
30/09/2006,15,-.015657246
30/09/2006,16,.018447354
30/09/2006,17,.0037988462
30/09/2006,18,.025666259
30/09/2006,19,.0087236427
30/09/2006,20,.0039484785
30/09/2006,21,.087803461
30/09/2006,22,.05328165
30/09/2006,23,.057276417
30/09/2006,24,.05011392
30/09/2006,25,.049416099
31/12/2006,1,.18597855
31/12/2006,2,.085745864
31/12/2006,3,.064526498
31/12/2006,4,.035956338
31/12/2006,5,.033409424
31/12/2006,6,.18468064
31/12/2006,7,.17228156
31/12/2006,8,.077176325
31/12/2006,9,.069199763
31/12/2006,10,.058671758
31/12/2006,11,.22299273
31/12/2006,12,.13720818
31/12/2006,13,.10609353
31/12/2006,14,.083644331
31/12/2006,15,.09215574
31/12/2006,16,.14941986
31/12/2006,17,.10756
31/12/2006,18,.090423405
31/12/2006,19,.070149072
31/12/2006,20,.076378912
31/12/2006,21,.18241034
31/12/2006,22,.089342989
31/12/2006,23,.091330856
31/12/2006,24,.071729429
31/12/2006,25,.09986186
31/03/2007,1,.047196768
31/03/2007,2,.042462062
31/03/2007,3,.05654379
31/03/2007,4,.026296727
31/03/2007,5,-.013522718
31/03/2007,6,.090094879
31/03/2007,7,.05981141
31/03/2007,8,.034684584
31/03/2007,9,.004088128
31/03/2007,10,.0098691508
31/03/2007,11,.067818195
31/03/2007,12,.02912211
31/03/2007,13,.018856646
31/03/2007,14,.0094749453
31/03/2007,15,.0094781043
31/03/2007,16,.093057431
31/03/2007,17,.062477093
31/03/2007,18,.045388222
31/03/2007,19,.030290784
31/03/2007,20,-.012274408
31/03/2007,21,-.0040466697
31/03/2007,22,.019045642
31/03/2007,23,.046052724
31/03/2007,24,.0041230107
31/03/2007,25,-.0042117042
30/06/2007,1,.047477148
30/06/2007,2,.06925831
30/06/2007,3,.013416689
30/06/2007,4,-.0069632679
30/06/2007,5,-.016050767
30/06/2007,6,.11375805
30/06/2007,7,.11938371
30/06/2007,8,.0071627791
30/06/2007,9,-.011021596
30/06/2007,10,-.008015696
30/06/2007,11,.10771146
30/06/2007,12,.11961494
30/06/2007,13,.069445238
30/06/2007,14,.028913779
30/06/2007,15,-.0003197497
30/06/2007,16,.12546091
30/06/2007,17,.076076515
30/06/2007,18,.063388728
30/06/2007,19,.058520507
30/06/2007,20,.0018696936
30/06/2007,21,.17392609
30/06/2007,22,.081363887
30/06/2007,23,.085184082
30/06/2007,24,.061766308
30/06/2007,25,.030538956
30/09/2007,1,-.023174094
30/09/2007,2,-.030182157
30/09/2007,3,-.061384704
30/09/2007,4,-.048193093
30/09/2007,5,-.12094508
30/09/2007,6,-.001325976
30/09/2007,7,.013695873
30/09/2007,8,-.058749091
30/09/2007,9,-.085654087
30/09/2007,10,-.14794584
30/09/2007,11,.073480718
30/09/2007,12,.02778418
30/09/2007,13,-.026946478
30/09/2007,14,-.060694922
30/09/2007,15,-.11639074
30/09/2007,16,.11666555
30/09/2007,17,.0184428
30/09/2007,18,-.0052256072
30/09/2007,19,-.062158745
30/09/2007,20,-.1197415
30/09/2007,21,.16758066
30/09/2007,22,.043019202
30/09/2007,23,.030128395
30/09/2007,24,-.0067420327
30/09/2007,25,-.032630138
31/12/2007,1,-.098937951
31/12/2007,2,-.048040658
31/12/2007,3,-.11013581
31/12/2007,4,-.11655105
31/12/2007,5,-.17101285
31/12/2007,6,.0068827644
31/12/2007,7,.014807667
31/12/2007,8,-.092910156
31/12/2007,9,-.096932754
31/12/2007,10,-.17786489
31/12/2007,11,.12704456
31/12/2007,12,-.0061342283
31/12/2007,13,-.053767782
31/12/2007,14,-.086941831
31/12/2007,15,-.12226973
31/12/2007,16,.051654115
31/12/2007,17,.0019761624
31/12/2007,18,-.058913101
31/12/2007,19,-.077106908
31/12/2007,20,-.13111563
31/12/2007,21,.0045490484
31/12/2007,22,.034344532
31/12/2007,23,-.00071035407
31/12/2007,24,-.029355038
31/12/2007,25,-.12468714
31/03/2008,1,-.10807598
31/03/2008,2,-.061662
31/03/2008,3,-.097857669
31/03/2008,4,-.10425237
31/03/2008,5,-.10748659
31/03/2008,6,-.1057784
31/03/2008,7,-.091592722
31/03/2008,8,-.10617217
31/03/2008,9,-.098866813
31/03/2008,10,-.13422579
31/03/2008,11,-.10162802
31/03/2008,12,-.066743597
31/03/2008,13,-.038077768
31/03/2008,14,-.095546357
31/03/2008,15,-.13552476
31/03/2008,16,-.068533324
31/03/2008,17,-.047648925
31/03/2008,18,-.061747782
31/03/2008,19,-.066689976
31/03/2008,20,-.13732633
31/03/2008,21,-.056494176
31/03/2008,22,-.071581006
31/03/2008,23,-.070744433
31/03/2008,24,-.095725991
31/03/2008,25,-.12253383
30/06/2008,1,-.033593353
30/06/2008,2,.14680502
30/06/2008,3,.012998495
30/06/2008,4,-.062516347
30/06/2008,5,-.11223902
30/06/2008,6,-.018028596
30/06/2008,7,.012850824
30/06/2008,8,-.032037303
30/06/2008,9,-.042968731
30/06/2008,10,-.08513885
30/06/2008,11,.069752745
30/06/2008,12,-.008748889
30/06/2008,13,-.010852352
30/06/2008,14,.00560157
30/06/2008,15,-.066011511
30/06/2008,16,.038182236
30/06/2008,17,.041465741
30/06/2008,18,.0022225585
30/06/2008,19,-.01070087
30/06/2008,20,.021831049
30/06/2008,21,-.021405797
30/06/2008,22,.023779817
30/06/2008,23,.0055583655
30/06/2008,24,-.0038111226
30/06/2008,25,-.1507346
30/09/2008,1,-.15207027
30/09/2008,2,-.09612681
30/09/2008,3,-.10514405
30/09/2008,4,-.10021993
30/09/2008,5,-.13993336
30/09/2008,6,-.019506598
30/09/2008,7,.022965468
30/09/2008,8,.039945912
30/09/2008,9,-.007266222
30/09/2008,10,-.075525142
30/09/2008,11,.070064425
30/09/2008,12,.075486951
30/09/2008,13,.038596615
30/09/2008,14,.006120496
30/09/2008,15,-.067787781
30/09/2008,16,.023395393
30/09/2008,17,.0074364864
30/09/2008,18,-.011342835
30/09/2008,19,-.026669353
30/09/2008,20,-.1534327
30/09/2008,21,-.12273996
30/09/2008,22,-.078019217
30/09/2008,23,-.078847192
30/09/2008,24,-.061660603
30/09/2008,25,.021081425
31/12/2008,1,-.21406583
31/12/2008,2,-.24972332
31/12/2008,3,-.23256853
31/12/2008,4,-.27366099
31/12/2008,5,-.44834176
31/12/2008,6,-.29128981
31/12/2008,7,-.17303309
31/12/2008,8,-.24082662
31/12/2008,9,-.31540921
31/12/2008,10,-.46507448
31/12/2008,11,-.18685538
31/12/2008,12,-.14142266
31/12/2008,13,-.21350528
31/12/2008,14,-.34221306
31/12/2008,15,-.46981016
31/12/2008,16,-.1478783
31/12/2008,17,-.18606876
31/12/2008,18,-.21869002
31/12/2008,19,-.292458
31/12/2008,20,-.36943623
31/12/2008,21,-.16619048
31/12/2008,22,-.17103273
31/12/2008,23,-.1647862
31/12/2008,24,-.29660404
31/12/2008,25,-.319417
31/03/2009,1,.14677103
31/03/2009,2,.037427891
31/03/2009,3,-.04728419
31/03/2009,4,-.048792064
31/03/2009,5,-.095037036
31/03/2009,6,.096394613
31/03/2009,7,.0016848944
31/03/2009,8,-.10300139
31/03/2009,9,-.13707899
31/03/2009,10,-.20749402
31/03/2009,11,-.003193805
31/03/2009,12,-.048916019
31/03/2009,13,-.11997178
31/03/2009,14,-.16605209
31/03/2009,15,-.1514817
31/03/2009,16,.03771095
31/03/2009,17,-.046883985
31/03/2009,18,-.094104871
31/03/2009,19,-.15891536
31/03/2009,20,-.21333204
31/03/2009,21,-.0046822662
31/03/2009,22,-.083951265
31/03/2009,23,-.11597336
31/03/2009,24,-.13066067
31/03/2009,25,-.32176939
30/06/2009,1,.38800225
30/06/2009,2,.61527294
30/06/2009,3,.32669327
30/06/2009,4,.3141475
30/06/2009,5,.31205174
30/06/2009,6,.85052776
30/06/2009,7,.51310277
30/06/2009,8,.421235
30/06/2009,9,.30110782
30/06/2009,10,.38647404
30/06/2009,11,.42749229
30/06/2009,12,.35690996
30/06/2009,13,.41824898
30/06/2009,14,.38289842
30/06/2009,15,.38075274
30/06/2009,16,.34978172
30/06/2009,17,.31079453
30/06/2009,18,.27717403
30/06/2009,19,.31681988
30/06/2009,20,.32530412
30/06/2009,21,.3223258
30/06/2009,22,.24206808
30/06/2009,23,.26994857
30/06/2009,24,.25036117
30/06/2009,25,.49779993
30/09/2009,1,.49469039
30/09/2009,2,.3852126
30/09/2009,3,.25849894
30/09/2009,4,.20915775
30/09/2009,5,.17126542
30/09/2009,6,.30205035
30/09/2009,7,.29250094
30/09/2009,8,.12789762
30/09/2009,9,.24466203
30/09/2009,10,.27833039
30/09/2009,11,.26549888
30/09/2009,12,.23939492
30/09/2009,13,.21975267
30/09/2009,14,.21433629
30/09/2009,15,.32884654
30/09/2009,16,.26160884
30/09/2009,17,.21389362
30/09/2009,18,.24288565
30/09/2009,19,.24690822
30/09/2009,20,.29877388
30/09/2009,21,.16604395
30/09/2009,22,.17465208
30/09/2009,23,.17910318
30/09/2009,24,.17409699
30/09/2009,25,.28494069
31/12/2009,1,.045676745
31/12/2009,2,.043711785
31/12/2009,3,.021524802
31/12/2009,4,.0039954009
31/12/2009,5,-.052970126
31/12/2009,6,.084122404
31/12/2009,7,.13547209
31/12/2009,8,.035983842
31/12/2009,9,.00050766196
31/12/2009,10,-.077451341
31/12/2009,11,.10000426
31/12/2009,12,.082768612
31/12/2009,13,.069389299
31/12/2009,14,.037147623
31/12/2009,15,-.028870005
31/12/2009,16,.11676632
31/12/2009,17,.086189456
31/12/2009,18,.075269282
31/12/2009,19,.059172206
31/12/2009,20,-.010507173
31/12/2009,21,.10492416
31/12/2009,22,.022767376
31/12/2009,23,.076035552
31/12/2009,24,.030479057
31/12/2009,25,-.043587398
31/03/2010,1,.14738867
31/03/2010,2,.1432441
31/03/2010,3,.14868143
31/03/2010,4,.069114357
31/03/2010,5,.10593463
31/03/2010,6,.1529239
31/03/2010,7,.11957732
31/03/2010,8,.068747625
31/03/2010,9,.11298455
31/03/2010,10,.086380146
31/03/2010,11,.15775312
31/03/2010,12,.10942595
31/03/2010,13,.094216458
31/03/2010,14,.1186306
31/03/2010,15,.10704736
31/03/2010,16,.14774162
31/03/2010,17,.085694566
31/03/2010,18,.097884007
31/03/2010,19,.11066686
31/03/2010,20,.13814224
31/03/2010,21,.043556303
31/03/2010,22,.053538449
31/03/2010,23,.042525325
31/03/2010,24,.030870894
31/03/2010,25,.068978481
30/06/2010,1,-.049404405
30/06/2010,2,-.034736082
30/06/2010,3,-.040712584
30/06/2010,4,-.053527143
30/06/2010,5,-.056889992
30/06/2010,6,-.022295419
30/06/2010,7,-.055693049
30/06/2010,8,-.085829496
30/06/2010,9,-.10032015
30/06/2010,10,-.10519932
30/06/2010,11,-.0052795671
30/06/2010,12,-.071468338
30/06/2010,13,-.11247887
30/06/2010,14,-.1047122
30/06/2010,15,-.14491948
30/06/2010,16,-.061774701
30/06/2010,17,-.078158088
30/06/2010,18,-.099559285
30/06/2010,19,-.1090337
30/06/2010,20,-.093836918
30/06/2010,21,-.076684788
30/06/2010,22,-.09084487
30/06/2010,23,-.12213267
30/06/2010,24,-.15222213
30/06/2010,25,-.13471051
30/09/2010,1,.12248436
30/09/2010,2,.081290595
30/09/2010,3,.053403772
30/09/2010,4,.034827158
30/09/2010,5,-.017825475
30/09/2010,6,.15028776
30/09/2010,7,.086446978
30/09/2010,8,.066455945
30/09/2010,9,.049221627
30/09/2010,10,.040130679
30/09/2010,11,.17531176
30/09/2010,12,.16321249
30/09/2010,13,.11814066
30/09/2010,14,.099567443
30/09/2010,15,.05287898
30/09/2010,16,.2355293
30/09/2010,17,.15417653
30/09/2010,18,.13034362
30/09/2010,19,.11328425
30/09/2010,20,.13061199
30/09/2010,21,.18864831
30/09/2010,22,.13017018
30/09/2010,23,.12860768
30/09/2010,24,.15249138
30/09/2010,25,.096719496
31/12/2010,1,.24095553
31/12/2010,2,.20365441
31/12/2010,3,.19706893
31/12/2010,4,.12954484
31/12/2010,5,.078523859
31/12/2010,6,.36214
31/12/2010,7,.21206057
31/12/2010,8,.17829078
31/12/2010,9,.13349408
31/12/2010,10,.14604582
31/12/2010,11,.23635329
31/12/2010,12,.17916791
31/12/2010,13,.19178851
31/12/2010,14,.17310508
31/12/2010,15,.1635168
31/12/2010,16,.20526369
31/12/2010,17,.14759195
31/12/2010,18,.14629018
31/12/2010,19,.13585584
31/12/2010,20,.075208306
31/12/2010,21,.099979915
31/12/2010,22,.095691912
31/12/2010,23,.11020249
31/12/2010,24,.1007141
31/12/2010,25,.077496476
31/03/2011,1,.17686164
31/03/2011,2,.12513995
31/03/2011,3,.08871986
31/03/2011,4,.055134702
31/03/2011,5,.05215935
31/03/2011,6,.10613284
31/03/2011,7,.067411661
31/03/2011,8,.042468559
31/03/2011,9,.022748567
31/03/2011,10,-.01174684
31/03/2011,11,.12074555
31/03/2011,12,.10332884
31/03/2011,13,.073157512
31/03/2011,14,.033573925
31/03/2011,15,.041659705
31/03/2011,16,.15719098
31/03/2011,17,.10445274
31/03/2011,18,.079874597
31/03/2011,19,.059692178
31/03/2011,20,.035137046
31/03/2011,21,.064566039
31/03/2011,22,.051397253
31/03/2011,23,.079169244
31/03/2011,24,.049552243
31/03/2011,25,.032572523
30/06/2011,1,-.078196362
30/06/2011,2,-.0067183264
30/06/2011,3,.023276519
30/06/2011,4,-.047865961
30/06/2011,5,-.074521929
30/06/2011,6,.036405154
30/06/2011,7,.021913119
30/06/2011,8,-.00669959
30/06/2011,9,-.068205662
30/06/2011,10,-.073734537
30/06/2011,11,.044126395
30/06/2011,12,-.018173337
30/06/2011,13,-.010488524
30/06/2011,14,-.027559001
30/06/2011,15,-.09144865
30/06/2011,16,.046266928
30/06/2011,17,.0071351388
30/06/2011,18,-.00080497196
30/06/2011,19,-.020584427
30/06/2011,20,-.034045044
30/06/2011,21,.049303848
30/06/2011,22,.019484323
30/06/2011,23,-.0023808461
30/06/2011,24,-.024500113
30/06/2011,25,-.050568417
30/09/2011,1,-.1726457
30/09/2011,2,-.16346605
30/09/2011,3,-.16058546
30/09/2011,4,-.13771248
30/09/2011,5,-.20454536
30/09/2011,6,-.20118698
30/09/2011,7,-.22773963
30/09/2011,8,-.21339148
30/09/2011,9,-.23873273
30/09/2011,10,-.28334829
30/09/2011,11,-.1818613
30/09/2011,12,-.18819083
30/09/2011,13,-.22151013
30/09/2011,14,-.24537788
30/09/2011,15,-.31685922
30/09/2011,16,-.18040991
30/09/2011,17,-.18280932
30/09/2011,18,-.21470295
30/09/2011,19,-.22011811
30/09/2011,20,-.26657215
30/09/2011,21,-.064369068
30/09/2011,22,-.12444466
30/09/2011,23,-.14721212
30/09/2011,24,-.19497155
30/09/2011,25,-.23703477
31/12/2011,1,.046604633
31/12/2011,2,.11004345
31/12/2011,3,.06238227
31/12/2011,4,.043848891
31/12/2011,5,-.018798536
31/12/2011,6,.14477947
31/12/2011,7,.13134755
31/12/2011,8,.13710822
31/12/2011,9,.10963564
31/12/2011,10,.078841016
31/12/2011,11,.18592054
31/12/2011,12,.16798858
31/12/2011,13,.1808449
31/12/2011,14,.14791799
31/12/2011,15,.083455101
31/12/2011,16,.16935286
31/12/2011,17,.1788983
31/12/2011,18,.18468544
31/12/2011,19,.13203478
31/12/2011,20,.065320306
31/12/2011,21,.11112087
31/12/2011,22,.1144262
31/12/2011,23,.12448237
31/12/2011,24,.1074979
31/12/2011,25,.049797922
31/03/2012,1,.28015742
31/03/2012,2,.2043784
31/03/2012,3,.18788512
31/03/2012,4,.12534858
31/03/2012,5,.18932243
31/03/2012,6,.17855765
31/03/2012,7,.21855031
31/03/2012,8,.11240061
31/03/2012,9,.14888924
31/03/2012,10,.137492
31/03/2012,11,.19057524
31/03/2012,12,.14839898
31/03/2012,13,.13438769
31/03/2012,14,.14286308
31/03/2012,15,.12353924
31/03/2012,16,.19635187
31/03/2012,17,.15124756
31/03/2012,18,.13841584
31/03/2012,19,.098776467
31/03/2012,20,.10945217
31/03/2012,21,.17474197
31/03/2012,22,.11793904
31/03/2012,23,.099984333
31/03/2012,24,.1114888
31/03/2012,25,.21264397
30/06/2012,1,-.040197253
30/06/2012,2,-.065253735
30/06/2012,3,-.0083829807
30/06/2012,4,-.0021382181
30/06/2012,5,-.075658873
30/06/2012,6,.060688201
30/06/2012,7,-.043510236
30/06/2012,8,-.020121787
30/06/2012,9,-.021179873
30/06/2012,10,-.074182853
30/06/2012,11,-.0023836503
30/06/2012,12,-.035455678
30/06/2012,13,-.049722206
30/06/2012,14,-.068081036
30/06/2012,15,-.097619124
30/06/2012,16,-.0006604722
30/06/2012,17,-.044577952
30/06/2012,18,-.039385688
30/06/2012,19,-.071964063
30/06/2012,20,-.080609128
30/06/2012,21,-.0048011993
30/06/2012,22,-.023547886
30/06/2012,23,-.027084826
30/06/2012,24,-.069257125
30/06/2012,25,-.10112752
30/09/2012,1,.18666685
30/09/2012,2,.012209851
30/09/2012,3,.089331202
30/09/2012,4,.031100271
30/09/2012,5,.063569635
30/09/2012,6,.093925431
30/09/2012,7,.072446473
30/09/2012,8,.043388497
30/09/2012,9,.048658237
30/09/2012,10,.024117528
30/09/2012,11,.091871642
30/09/2012,12,.071756557
30/09/2012,13,.084648773
30/09/2012,14,.050763644
30/09/2012,15,.041609332
30/09/2012,16,.099181429
30/09/2012,17,.061065689
30/09/2012,18,.062329236
30/09/2012,19,.052116919
30/09/2012,20,.026416214
30/09/2012,21,.06317693
30/09/2012,22,.073081993
30/09/2012,23,.077554181
30/09/2012,24,.055286933
30/09/2012,25,.09768413
31/12/2012,1,.0046682931
31/12/2012,2,.035239074
31/12/2012,3,.028548658
31/12/2012,4,.0028066842
31/12/2012,5,.0018128334
31/12/2012,6,.010118879
31/12/2012,7,-.028680194
31/12/2012,8,.029267725
31/12/2012,9,.0060254126
31/12/2012,10,.015524773
31/12/2012,11,.032553978
31/12/2012,12,.03863303
31/12/2012,13,.027791241
31/12/2012,14,.040789276
31/12/2012,15,.067253642
31/12/2012,16,.041568667
31/12/2012,17,.052108329
31/12/2012,18,.052578457
31/12/2012,19,.031924266
31/12/2012,20,.058155514
31/12/2012,21,-.0032315438
31/12/2012,22,.021965554
31/12/2012,23,.02934657
31/12/2012,24,.068080075
31/12/2012,25,.090913765
31/03/2013,1,.1554019
31/03/2013,2,.22900444
31/03/2013,3,.14762414
31/03/2013,4,.14908975
31/03/2013,5,.15101494
31/03/2013,6,.16617601
31/03/2013,7,.17549111
31/03/2013,8,.12855436
31/03/2013,9,.073775619
31/03/2013,10,.1041197
31/03/2013,11,.20256346
31/03/2013,12,.14992872
31/03/2013,13,.10865643
31/03/2013,14,.09403915
31/03/2013,15,.071563475
31/03/2013,16,.20907739
31/03/2013,17,.16553007
31/03/2013,18,.14627872
31/03/2013,19,.11904936
31/03/2013,20,.12713362
31/03/2013,21,.13210675
31/03/2013,22,.09014219
31/03/2013,23,.086763546
31/03/2013,24,.07138133
31/03/2013,25,.046717398
30/06/2013,1,.083944894
30/06/2013,2,.069632232
30/06/2013,3,.016054437
30/06/2013,4,.043536961
30/06/2013,5,.00073771086
30/06/2013,6,.13225427
30/06/2013,7,.11885522
30/06/2013,8,.036210928
30/06/2013,9,.039160673
30/06/2013,10,.032814246
30/06/2013,11,.11827674
30/06/2013,12,.081409685
30/06/2013,13,.029600756
30/06/2013,14,.018239204
30/06/2013,15,-.050760787
30/06/2013,16,.10763489
30/06/2013,17,.038008314
30/06/2013,18,.013001315
30/06/2013,19,-.0050560953
30/06/2013,20,-.02605922
30/06/2013,21,.031161143
30/06/2013,22,.015480142
30/06/2013,23,.014000536
30/06/2013,24,.038677968
30/06/2013,25,.02008912
30/09/2013,1,.20964754
30/09/2013,2,.15837593
30/09/2013,3,.11435474
30/09/2013,4,.076685399
30/09/2013,5,.069985479
30/09/2013,6,.25390744
30/09/2013,7,.16385901
30/09/2013,8,.084531799
30/09/2013,9,.081390634
30/09/2013,10,.096985087
30/09/2013,11,.21496867
30/09/2013,12,.16587831
30/09/2013,13,.087365292
30/09/2013,14,.081897192
30/09/2013,15,.067025371
30/09/2013,16,.17286964
30/09/2013,17,.10791598
30/09/2013,18,.077710286
30/09/2013,19,.051541273
30/09/2013,20,.020512544
30/09/2013,21,.1184483
30/09/2013,22,.084102727
30/09/2013,23,.056007881
30/09/2013,24,.069663517
30/09/2013,25,.082222722
31/12/2013,1,.37207252
31/12/2013,2,.18854336
31/12/2013,3,.14980799
31/12/2013,4,.084661298
31/12/2013,5,.027669238
31/12/2013,6,.13108937
31/12/2013,7,.12686007
31/12/2013,8,.11501794
31/12/2013,9,.073156022
31/12/2013,10,.019444933
31/12/2013,11,.17454737
31/12/2013,12,.1065539
31/12/2013,13,.09569215
31/12/2013,14,.095104471
31/12/2013,15,.061477587
31/12/2013,16,.14229189
31/12/2013,17,.1013026
31/12/2013,18,.086414285
31/12/2013,19,.079355672
31/12/2013,20,.051840343
31/12/2013,21,.11378475
31/12/2013,22,.10718863
31/12/2013,23,.081689388
31/12/2013,24,.087091736
31/12/2013,25,.077130958
31/03/2014,1,.051462729
31/03/2014,2,.095125943
31/03/2014,3,.12380596
31/03/2014,4,.035595182
31/03/2014,5,.024365159
31/03/2014,6,.025319874
31/03/2014,7,.080906644
31/03/2014,8,.0087423762
31/03/2014,9,.016232161
31/03/2014,10,.015325846
31/03/2014,11,.05992252
31/03/2014,12,.0093019465
31/03/2014,13,.020673173
31/03/2014,14,.015437272
31/03/2014,15,.01736632
31/03/2014,16,.065895878
31/03/2014,17,.031257689
31/03/2014,18,.039814185
31/03/2014,19,.041108046
31/03/2014,20,.016373981
31/03/2014,21,.011471193
31/03/2014,22,.042979185
31/03/2014,23,.019930411
31/03/2014,24,.023120595
31/03/2014,25,-.0042796941
30/06/2014,1,-.031847306
30/06/2014,2,.016370535
30/06/2014,3,.002872163
30/06/2014,4,-.0098565137
30/06/2014,5,-.0022182814
30/06/2014,6,-.0067082397
30/06/2014,7,-.0026861634
30/06/2014,8,-.00066003081
30/06/2014,9,-.0073875762
30/06/2014,10,.045197397
30/06/2014,11,.030864846
30/06/2014,12,.035074044
30/06/2014,13,.014325786
30/06/2014,14,.030398896
30/06/2014,15,.04726772
30/06/2014,16,.041589186
30/06/2014,17,.043885522
30/06/2014,18,.08183077
30/06/2014,19,.045713909
30/06/2014,20,.049706299
30/06/2014,21,.070845157
30/06/2014,22,.054359742
30/06/2014,23,.051048778
30/06/2014,24,.07611566
30/06/2014,25,.044412941
30/09/2014,1,-.029707273
30/09/2014,2,-.042152401
30/09/2014,3,.025025351
30/09/2014,4,-.045591019
30/09/2014,5,-.068767123
30/09/2014,6,-.095156945
30/09/2014,7,-.060626369
30/09/2014,8,-.061122548
30/09/2014,9,-.059015233
30/09/2014,10,-.13172174
30/09/2014,11,-.0051370314
30/09/2014,12,-.023739249
30/09/2014,13,-.071843207
30/09/2014,14,-.081529953
30/09/2014,15,-.082347818
30/09/2014,16,-.006174868
30/09/2014,17,-.031819507
30/09/2014,18,-.045685388
30/09/2014,19,-.056833401
30/09/2014,20,-.064635836
30/09/2014,21,.044271477
30/09/2014,22,.025499392
30/09/2014,23,-.0054893591
30/09/2014,24,-.025534771
30/09/2014,25,-.012307922
31/12/2014,1,.0051552979
31/12/2014,2,.016934056
31/12/2014,3,.036467921
31/12/2014,4,.018772496
31/12/2014,5,-.029931337
31/12/2014,6,.17331824
31/12/2014,7,.15833248
31/12/2014,8,.14695792
31/12/2014,9,.065054558
31/12/2014,10,-.044250697
31/12/2014,11,.20519315
31/12/2014,12,.098095953
31/12/2014,13,.091067091
31/12/2014,14,.074902885
31/12/2014,15,.010511019
31/12/2014,16,.13926083
31/12/2014,17,.086683109
31/12/2014,18,.046886265
31/12/2014,19,.036423009
31/12/2014,20,-.022140471
31/12/2014,21,.080382496
31/12/2014,22,.059393097
31/12/2014,23,.033159345
31/12/2014,24,-.0061888983
31/12/2014,25,-.045329992
31/03/2015,1,.041294672
31/03/2015,2,.025219243
31/03/2015,3,.0086192666
31/03/2015,4,.022156492
31/03/2015,5,-.024137029
31/03/2015,6,.040731523
31/03/2015,7,.017790839
31/03/2015,8,.030762589
31/03/2015,9,.025936076
31/03/2015,10,-.019138012
31/03/2015,11,.16585551
31/03/2015,12,.065279454
31/03/2015,13,.037741721
31/03/2015,14,.0037755263
31/03/2015,15,-.0060803476
31/03/2015,16,.12278844
31/03/2015,17,.089465506
31/03/2015,18,.048991147
31/03/2015,19,.0037110362
31/03/2015,20,.0067595574
31/03/2015,21,.045618471
31/03/2015,22,.035282005
31/03/2015,23,.025983971
31/03/2015,24,-.0027485082
31/03/2015,25,-.013547851
30/06/2015,1,.048897851
30/06/2015,2,-.011777951
30/06/2015,3,.018267417
30/06/2015,4,-.023166945
30/06/2015,5,-.012033082
30/06/2015,6,.14089058
30/06/2015,7,.035523634
30/06/2015,8,.034336179
30/06/2015,9,.026912071
30/06/2015,10,-.0095683401
30/06/2015,11,.097627759
30/06/2015,12,.049191914
30/06/2015,13,.011323573
30/06/2015,14,.0047718254
30/06/2015,15,-.02449459
30/06/2015,16,.053127628
30/06/2015,17,.0078982208
30/06/2015,18,-.010692406
30/06/2015,19,-.0073156985
30/06/2015,20,-.012122548
30/06/2015,21,.030472225
30/06/2015,22,-.0055350601
30/06/2015,23,-.0021501919
30/06/2015,24,.0091309203
30/06/2015,25,.048031736
30/09/2015,1,-.14128599
30/09/2015,2,-.15941747
30/09/2015,3,-.084252939
30/09/2015,4,-.05811511
30/09/2015,5,-.15804681
30/09/2015,6,-.15135238
30/09/2015,7,-.14048214
30/09/2015,8,-.12378115
30/09/2015,9,-.099465817
30/09/2015,10,-.19163711
30/09/2015,11,-.11694781
30/09/2015,12,-.1287118
30/09/2015,13,-.10341872
30/09/2015,14,-.10016266
30/09/2015,15,-.22932957
30/09/2015,16,-.086305365
30/09/2015,17,-.067677371
30/09/2015,18,-.078892656
30/09/2015,19,-.090877354
30/09/2015,20,-.17355713
30/09/2015,21,-.020211836
30/09/2015,22,-.070773192
30/09/2015,23,-.072563834
30/09/2015,24,-.086801171
30/09/2015,25,-.13359973
31/12/2015,1,.0083024278
31/12/2015,2,.048579711
31/12/2015,3,.08515697
31/12/2015,4,.034859467
31/12/2015,5,-.043110728
31/12/2015,6,.10986447
31/12/2015,7,.11217271
31/12/2015,8,.082464986
31/12/2015,9,.020811457
31/12/2015,10,-.030255223
31/12/2015,11,.10256287
31/12/2015,12,.076101989
31/12/2015,13,.063287541
31/12/2015,14,.016950602
31/12/2015,15,-.030853849
31/12/2015,16,.11573806
31/12/2015,17,.052974343
31/12/2015,18,.040053617
31/12/2015,19,-.0018178748
31/12/2015,20,-.0040248279
31/12/2015,21,.11830869
31/12/2015,22,.057356998
31/12/2015,23,.039013043
31/12/2015,24,.042997926
31/12/2015,25,.0022472455
31/03/2016,1,.0036009185
31/03/2016,2,-.01762804
31/03/2016,3,-.062960893
31/03/2016,4,-.041989949
31/03/2016,5,-.034561474
31/03/2016,6,-.058321334
31/03/2016,7,-.062056724
31/03/2016,8,.0020605021
31/03/2016,9,-.026953829
31/03/2016,10,-.030310202
31/03/2016,11,-.072619066
31/03/2016,12,.0057218093
31/03/2016,13,.047314458
31/03/2016,14,.00035674029
31/03/2016,15,.049700163
31/03/2016,16,.013869124
31/03/2016,17,.058912862
31/03/2016,18,.047477391
31/03/2016,19,.047989056
31/03/2016,20,.041464258
31/03/2016,21,.019144198
31/03/2016,22,.040580627
31/03/2016,23,.019804314
31/03/2016,24,.025605997
31/03/2016,25,-.03248233
30/06/2016,1,.013327323
30/06/2016,2,.077044085
30/06/2016,3,.037559841
30/06/2016,4,.028256675
30/06/2016,5,.021397889
30/06/2016,6,.12830766
30/06/2016,7,.081506506
30/06/2016,8,.051409066
30/06/2016,9,.035539921
30/06/2016,10,.029700082
30/06/2016,11,.097896807
30/06/2016,12,.07153181
30/06/2016,13,.05294048
30/06/2016,14,.0010736167
30/06/2016,15,.069886424
30/06/2016,16,.089264408
30/06/2016,17,.035194192
30/06/2016,18,.060079079
30/06/2016,19,.048711922
30/06/2016,20,.055043079
30/06/2016,21,.041938126
30/06/2016,22,.016485509
30/06/2016,23,.064154692
30/06/2016,24,.057759486
30/06/2016,25,.022747513
30/09/2016,1,.12289856
30/09/2016,2,.091592632
30/09/2016,3,.12758169
30/09/2016,4,.098807454
30/09/2016,5,.060815122
30/09/2016,6,.22197312
30/09/2016,7,.15394975
30/09/2016,8,.15915288
30/09/2016,9,.097113192
30/09/2016,10,.075308487
30/09/2016,11,.22167484
30/09/2016,12,.12414227
30/09/2016,13,.086802557
30/09/2016,14,.092903651
30/09/2016,15,.043301556
30/09/2016,16,.12599522
30/09/2016,17,.089344263
30/09/2016,18,.065919243
30/09/2016,19,.076772898
30/09/2016,20,.039261304
30/09/2016,21,.048047297
30/09/2016,22,.072234139
30/09/2016,23,.024915261
30/09/2016,24,.038359646
30/09/2016,25,.093184114
31/12/2016,1,-.053563807
31/12/2016,2,.009577835
31/12/2016,3,.065239303
31/12/2016,4,.085666403
31/12/2016,5,.040520903
31/12/2016,6,.095199101
31/12/2016,7,.084355928
31/12/2016,8,.17692798
31/12/2016,9,.12821543
31/12/2016,10,.046795979
31/12/2016,11,.032901037
31/12/2016,12,.077157162
31/12/2016,13,.13637321
31/12/2016,14,.098489478
31/12/2016,15,.076310374
31/12/2016,16,.042390995
31/12/2016,17,.078082129
31/12/2016,18,.098417908
31/12/2016,19,.10283996
31/12/2016,20,.052169077
31/12/2016,21,.011804094
31/12/2016,22,.0089093111
31/12/2016,23,.014958051
31/12/2016,24,.10316189
31/12/2016,25,.12449639
31/03/2017,1,.13993202
31/03/2017,2,.053324606
31/03/2017,3,.11653837
31/03/2017,4,.017354961
31/03/2017,5,.016799066
31/03/2017,6,.14070222
31/03/2017,7,.075659938
31/03/2017,8,.01680271
31/03/2017,9,-.036758132
31/03/2017,10,.0053287684
31/03/2017,11,.15985034
31/03/2017,12,.047235236
31/03/2017,13,.029169044
31/03/2017,14,-.0070013786
31/03/2017,15,.009615791
31/03/2017,16,.14113468
31/03/2017,17,.066904791
31/03/2017,18,.047307763
31/03/2017,19,.0051090959
31/03/2017,20,.035715494
31/03/2017,21,.12296218
31/03/2017,22,.092735335
31/03/2017,23,.055049222
31/03/2017,24,.036812417
31/03/2017,25,.028764851
30/06/2017,1,.0173549
30/06/2017,2,.012881755
30/06/2017,3,.013840472
30/06/2017,4,.017501105
30/06/2017,5,-.031751759
30/06/2017,6,.10207327
30/06/2017,7,.085614823
30/06/2017,8,.0092866402
30/06/2017,9,-.0084625985
30/06/2017,10,-.0024500242
30/06/2017,11,.091586836
30/06/2017,12,.058547571
30/06/2017,13,.027847216
30/06/2017,14,.0033085172
30/06/2017,15,-.012381667
30/06/2017,16,.11253823
30/06/2017,17,.042118896
30/06/2017,18,.013055174
30/06/2017,19,-.015430159
30/06/2017,20,-.005400931
30/06/2017,21,.081782281
30/06/2017,22,.038138878
30/06/2017,23,.034095176
30/06/2017,24,.016741622
30/06/2017,25,.012117959
30/09/2017,1,.13007237
30/09/2017,2,.053106613
30/09/2017,3,.081939004
30/09/2017,4,.015739348
30/09/2017,5,-.015107653
30/09/2017,6,.16375136
30/09/2017,7,.16520922
30/09/2017,8,.070380889
30/09/2017,9,.061910406
30/09/2017,10,-.0096284589
30/09/2017,11,.14585745
30/09/2017,12,.10857281
30/09/2017,13,.072037883
30/09/2017,14,.046845432
30/09/2017,15,.0093915537
30/09/2017,16,.094137825
30/09/2017,17,.066127241
30/09/2017,18,.044002898
30/09/2017,19,.049885709
30/09/2017,20,.036550622
30/09/2017,21,.075275443
30/09/2017,22,.066928141
30/09/2017,23,.04072215
30/09/2017,24,.046939455
30/09/2017,25,.065733761
31/12/2017,1,.053714216
31/12/2017,2,.0089186514
31/12/2017,3,.004025029
31/12/2017,4,.025206994
31/12/2017,5,-.022201575
31/12/2017,6,.10986144
31/12/2017,7,.016346158
31/12/2017,8,.03449646
31/12/2017,9,.037407193
31/12/2017,10,.039926793
31/12/2017,11,.097531423
31/12/2017,12,.096655928
31/12/2017,13,.029771667
31/12/2017,14,.028466022
31/12/2017,15,-.0063728984
31/12/2017,16,.10105117
31/12/2017,17,.087501615
31/12/2017,18,.052849654
31/12/2017,19,.035698324
31/12/2017,20,.0021101772
31/12/2017,21,.089878194
31/12/2017,22,.079677723
31/12/2017,23,.051222641
31/12/2017,24,.064769849
31/12/2017,25,.049203832
31/03/2018,1,.076438718
31/03/2018,2,.018342882
31/03/2018,3,.048559085
31/03/2018,4,.0055660089
31/03/2018,5,-.037262361
31/03/2018,6,.089991033
31/03/2018,7,.03966856
31/03/2018,8,-.020492289
31/03/2018,9,-.012596257
31/03/2018,10,-.046099458
31/03/2018,11,.083345354
31/03/2018,12,.027590914
31/03/2018,13,-.010641105
31/03/2018,14,-.010665501
31/03/2018,15,-.049049944
31/03/2018,16,.064707734
31/03/2018,17,.020077761
31/03/2018,18,-.042583488
31/03/2018,19,-.024257356
31/03/2018,20,-.038647942
31/03/2018,21,.04827984
31/03/2018,22,-.0034681577
31/03/2018,23,-.014802084
31/03/2018,24,-.04242431
31/03/2018,25,-.029042451
30/06/2018,1,.057407491
30/06/2018,2,.10941593
30/06/2018,3,.078237236
30/06/2018,4,.019398438
30/06/2018,5,.072733268
30/06/2018,6,.23053044
30/06/2018,7,.18201233
30/06/2018,8,.10098937
30/06/2018,9,.064070106
30/06/2018,10,.040739708
30/06/2018,11,.20459764
30/06/2018,12,.11715335
30/06/2018,13,.085813515
30/06/2018,14,.088720851
30/06/2018,15,.042673357
30/06/2018,16,.17601374
30/06/2018,17,.062806614
30/06/2018,18,.038139336
30/06/2018,19,.019315027
30/06/2018,20,.015272498
30/06/2018,21,.062850334
30/06/2018,22,.02722881
30/06/2018,23,.025914414
30/06/2018,24,.039077628
30/06/2018,25,-.039865825
30/09/2018,1,.088534869
30/09/2018,2,.063620426
30/09/2018,3,-.025527617
30/09/2018,4,-.044637792
30/09/2018,5,-.03920009
30/09/2018,6,.10944963
30/09/2018,7,.065024674
30/09/2018,8,.052363142
30/09/2018,9,-.037865937
30/09/2018,10,-.045247369
30/09/2018,11,.10451731
30/09/2018,12,.057614893
30/09/2018,13,.010184194
30/09/2018,14,-.0044911662
30/09/2018,15,-.037050363
30/09/2018,16,.15588729
30/09/2018,17,.12123761
30/09/2018,18,.033850599
30/09/2018,19,-.0089021502
30/09/2018,20,.0081076641
30/09/2018,21,.12281657
30/09/2018,22,.056834612
30/09/2018,23,.063791312
30/09/2018,24,.015658554
30/09/2018,25,.021791305
31/12/2018,1,-.2242137
31/12/2018,2,-.2228678
31/12/2018,3,-.21564117
31/12/2018,4,-.19653682
31/12/2018,5,-.27325326
31/12/2018,6,-.22039159
31/12/2018,7,-.17803495
31/12/2018,8,-.19260302
31/12/2018,9,-.1618554
31/12/2018,10,-.26065591
31/12/2018,11,-.16552304
31/12/2018,12,-.18057188
31/12/2018,13,-.18548718
31/12/2018,14,-.19722743
31/12/2018,15,-.22277494
31/12/2018,16,-.16183256
31/12/2018,17,-.15733303
31/12/2018,18,-.12000309
31/12/2018,19,-.16451496
31/12/2018,20,-.2005409
31/12/2018,21,-.12520194
31/12/2018,22,-.084382176
31/12/2018,23,-.10823421
31/12/2018,24,-.13185835
31/12/2018,25,-.15011908
31/03/2019,1,.32887948
31/03/2019,2,.30040395
31/03/2019,3,.14849845
31/03/2019,4,.12965904
31/03/2019,5,.12883623
31/03/2019,6,.25589368
31/03/2019,7,.21232648
31/03/2019,8,.10965023
31/03/2019,9,.1069766
31/03/2019,10,.086996496
31/03/2019,11,.26827493
31/03/2019,12,.16914193
31/03/2019,13,.13690878
31/03/2019,14,.12523749
31/03/2019,15,.10055304
31/03/2019,16,.29018977
31/03/2019,17,.1833422
31/03/2019,18,.16457626
31/03/2019,19,.13446932
31/03/2019,20,.13413514
31/03/2019,21,.18161218
31/03/2019,22,.15213211
31/03/2019,23,.12265877
31/03/2019,24,.11803054
31/03/2019,25,.090470172
30/06/2019,1,-.00453255
30/06/2019,2,.019925056
30/06/2019,3,-.021331007
30/06/2019,4,-.021240138
30/06/2019,5,-.077120408
30/06/2019,6,.056582078
30/06/2019,7,.020213658
30/06/2019,8,-.011474731
30/06/2019,9,-.0046440256
30/06/2019,10,-.074983023
30/06/2019,11,.075781308
30/06/2019,12,.032015689
30/06/2019,13,.033800922
30/06/2019,14,.018492118
30/06/2019,15,-.026955875
30/06/2019,16,.086281173
30/06/2019,17,.050579142
30/06/2019,18,.028009452
30/06/2019,19,.034885045
30/06/2019,20,-.0028922874
30/06/2019,21,.060167648
30/06/2019,22,.04820776
30/06/2019,23,.053307205
30/06/2019,24,.021190392
30/06/2019,25,.024664529
30/09/2019,1,-.031900138
30/09/2019,2,-.029861607
30/09/2019,3,-.033622343
30/09/2019,4,-.019891841
30/09/2019,5,-.050813127
30/09/2019,6,-.033443037
30/09/2019,7,-.075505525
30/09/2019,8,-.021582045
30/09/2019,9,-.013933083
30/09/2019,10,-.070049167
30/09/2019,11,-.050749298
30/09/2019,12,-.044902693
30/09/2019,13,-.0028807081
30/09/2019,14,-.022120228
30/09/2019,15,-.095198661
30/09/2019,16,-.0073119858
30/09/2019,17,-.0040361346
30/09/2019,18,.011628984
30/09/2019,19,-.0013134767
30/09/2019,20,-.057804417
30/09/2019,21,.031000933
30/09/2019,22,.0031247297
30/09/2019,23,.026285021
30/09/2019,24,.0079707494
30/09/2019,25,-.010361429
31/12/2019,1,.17385915
31/12/2019,2,.11541041
31/12/2019,3,.035532489
31/12/2019,4,.029728372
31/12/2019,5,.012385061
31/12/2019,6,.29789314
31/12/2019,7,.28031361
31/12/2019,8,.12022427
31/12/2019,9,.070347615
31/12/2019,10,.047095377
31/12/2019,11,.33990842
31/12/2019,12,.15699697
31/12/2019,13,.10655579
31/12/2019,14,.095694907
31/12/2019,15,.13360333
31/12/2019,16,.23743758
31/12/2019,17,.094263151
31/12/2019,18,.11792328
31/12/2019,19,.073262252
31/12/2019,20,.062355261
31/12/2019,21,.11965194
31/12/2019,22,.10820432
31/12/2019,23,.096011452
31/12/2019,24,.057125654
31/12/2019,25,.084202081
31/03/2020,1,-.23116525
31/03/2020,2,-.18166971
31/03/2020,3,-.18291907
31/03/2020,4,-.28001493
31/03/2020,5,-.37924436
31/03/2020,6,-.24571531
31/03/2020,7,-.15569086
31/03/2020,8,-.2484055
31/03/2020,9,-.36804098
31/03/2020,10,-.4351401
31/03/2020,11,-.32061166
31/03/2020,12,-.22169246
31/03/2020,13,-.29573497
31/03/2020,14,-.37353081
31/03/2020,15,-.45335287
31/03/2020,16,-.17532063
31/03/2020,17,-.24775144
31/03/2020,18,-.32970506
31/03/2020,19,-.37585422
31/03/2020,20,-.44916156
31/03/2020,21,-.085070111
31/03/2020,22,-.15506066
31/03/2020,23,-.20860578
31/03/2020,24,-.30892324
31/03/2020,25,-.32994294
30/06/2020,1,.49503013
30/06/2020,2,.49489576
30/06/2020,3,.49155819
30/06/2020,4,.27946594
30/06/2020,5,.17120664
30/06/2020,6,.53492981
30/06/2020,7,.50007135
30/06/2020,8,.37463519
30/06/2020,9,.19859089
30/06/2020,10,.2490927
30/06/2020,11,.71983224
30/06/2020,12,.55891132
30/06/2020,13,.32934937
30/06/2020,14,.27695185
30/06/2020,15,.27738941
30/06/2020,16,.53146881
30/06/2020,17,.38156146
30/06/2020,18,.29141542
30/06/2020,19,.2782369
30/06/2020,20,.35220477
30/06/2020,21,.37533051
30/06/2020,22,.20399216
30/06/2020,23,.18397373
30/06/2020,24,.16979361
30/06/2020,25,.11537407
30/09/2020,1,.15075776
30/09/2020,2,.063518576
30/09/2020,3,.10884394
30/09/2020,4,.022489469
30/09/2020,5,-.038422581
30/09/2020,6,.12094228
30/09/2020,7,.051416028
30/09/2020,8,.036393348
30/09/2020,9,.033384278
30/09/2020,10,-.010481373
30/09/2020,11,.18338543
30/09/2020,12,.098967187
30/09/2020,13,.06685774
30/09/2020,14,-.011542074
30/09/2020,15,-.028273914
30/09/2020,16,.16307865
30/09/2020,17,.075218648
30/09/2020,18,.052335624
30/09/2020,19,.011643683
30/09/2020,20,-.020770276
30/09/2020,21,.17137134
30/09/2020,22,.13795783
30/09/2020,23,.081814595
30/09/2020,24,-.00015054557
30/09/2020,25,-.022289641
31/12/2020,1,.41402546
31/12/2020,2,.32976499
31/12/2020,3,.20067404
31/12/2020,4,.29789928
31/12/2020,5,.24581665
31/12/2020,6,.45279592
31/12/2020,7,.38677654
31/12/2020,8,.27135354
31/12/2020,9,.30434367
31/12/2020,10,.36628926
31/12/2020,11,.5230642
31/12/2020,12,.42797059
31/12/2020,13,.2932508
31/12/2020,14,.33690754
31/12/2020,15,.34389168
31/12/2020,16,.44411999
31/12/2020,17,.27525085
31/12/2020,18,.31147656
31/12/2020,19,.3218953
31/12/2020,20,.35471228
31/12/2020,21,.1829792
31/12/2020,22,.097539119
31/12/2020,23,.18479496
31/12/2020,24,.21047685
31/12/2020,25,.24248701
